id,type,name,displayName,relDataObjectToInterface,relDataObjectToProject,tags:GD IT Teams,tags:Owned By,tags:Owning Function,tags:Business Domain,tags:Main Area,tags:Business Unit,tags:LX PS WiP,tags:Region,tags:Other tags,relDataObjectToApplication,relToChild
ID,Type,Name,Display Name,Interfaces,Initiatives,GD IT Teams,Owned By,Owning Function,Business Domain,Main Area,Business Unit,LX PS WiP,Region,Other tags,Applications,Children
dd39f472-3f80-4eff-801d-747e82a68777,DataObject,1572 Information,1572 Information,Veeva eTMF to Outlook - Study Daily Report & 1572 information,,,,,,,,,,,,
90c3e72d-5df8-493b-b5bd-a3a72f1c4419,DataObject,Absence,Absence,,,,,,,,,,,G&A IT,,
b5d42d38-d645-4bf9-afd5-a85a37238615,DataObject,Account data,Account data,IQVIA to Veeva CRM Global OneKey Integration - Account Data;Ultmarc to Veeva CRM Japan instance MDM Integration - Account Data,,,,,,,,,,,,
8c253e29-a569-4dbf-a786-d9961d473cef,DataObject,Accounting,Accounting,"Legacy PBCS to Oracle eBS - GL, AP, PO;Oracle Finance to Data Warehouse",,,,,,,,,,G&A IT,,
22286745-1d80-4321-9bbd-e611f20d6364,DataObject,Activities,Activities,Insights RM to ODL - Insights,,,,,,,,,,,,
00d011b4-9b9e-4357-b6d1-87f993dd0b8b,DataObject,Actual Hours,Actual Hours,Beeline to Insights RM - Actual Hours,,,,,,,,,,,,
5616aafd-2b54-4035-becd-98fa2fbfc0da,DataObject,Actuals,Actuals,Insights RM to ODL - Insights,,,,,,,,,,,,
9059b2e5-e5c7-466b-9e58-4dfb1bc0d91f,DataObject,ADaM,ADaM,"Multi Edit 2008 Lite  to Veeva Vault RIM Submissions - SDTM, ADaM, TLFs;PC SAS to Veeva Vault RIM Submissions - SDTM, ADaM, TLFs;SAS Grid to Veeva Vault RIM Submissions - SDTM, ADam, TLFs",,,,,,,,,,,,
f546bf4b-946e-4064-acca-b6e85405bb4a,DataObject,AE/SAE Case Data,AE/SAE Case Data,Argus to Axway - Case Data;Axway to Converge Health SRP - Case Data;Clinical EDC to PVIT - Case Data;Eversana/TechSol to PVIT - Case Data;Medical Safety Mailbox to PVIT - Case Data;Partner Safety DBs to Axway - Case Data;Partner Safety DBs to PVIT - Case Data;PV Case Management to Argus - Case Data;Vendor CIOMS to PVIT - Case Data,,,,,,,,,,,,
60c2ca10-df79-4e30-b95b-29a7dbaf59a6,DataObject,Anti-Bribery Anti-Corruption Due Diligence,Anti-Bribery Anti-Corruption Due Diligence,,,,,,,,,,,,,
ff12cb50-c8a5-4147-b9b5-0e763374c1b9,DataObject,Application Defect Data,Application Defect Data,Jira to OMS - Application Defect and Enhancement Data;ServiceNow (GD) to OMS - Application Defect data,,,,,,,,,,,,
14bbd82b-44be-4bf0-b729-0f5c63be5cff,DataObject,Application Enhancement Data,Application Enhancement Data,Jira to OMS - Application Defect and Enhancement Data,,,,,,,,,,,,
b73a2adb-63a9-4b81-8e8e-e9f8a36ab239,DataObject,Artwork,Artwork,"Veeva RIM Registrations to LATIS - Document drafts, Artwork, Labeling requirements",,,,,,,,,,,,
05d2536b-df6d-47af-895f-b88e3f9b086d,DataObject,Assessment,Assessment,INT218_-_Business_Process_Transactions_-_Data_Warehouse__Qlik__Assessment_Data;INT218_-_Job_Applications_-_Data_Warehouse__Qlik__Interview_Data,,,,,,G&A IT,,,,G&A IT,,
e8487a08-1a75-4893-952d-18fc9a1eaae4,DataObject,Assignments,Assignments,Insights RM to ODL - Insights,,,,,,,,,,,,
65d18d6b-3364-4069-95d8-6f9693005dea,DataObject,Audit Data,Audit Data,"CRO to ODR - eTMF Document, Non CRF Data;ODR to QlikView/QlikSense - Audit Data, Metrics, Studies, Sites, Enrollments",,,,,,,,,,,,
3a2172f6-a2f8-454a-a6d1-b4a67ecc8343,DataObject,Base Unit of Measure (List enhanced by new UOMs),Base Unit of Measure (List enhanced by new UOMs),OPM to MES - Material Master (Item Master) (RAH);OPM to MES - Material Master (Item Master) (REN),,,,,,,,,,,,
0b93fa54-8089-4131-a5ea-afed3526e7b9,DataObject,Batch no.,Batch no.,MES to OPM - BRR Approval (RAH);MES to OPM - BRR Approval (REN);MES to OPM - Outgoing Transport (RAH);MES to OPM - Outgoing Transport (REN);MES to OPM - Permanent Inventory (RAH);MES to OPM - Permanent Inventory (REN);MES to OPM - Stock Creation on Manufacturing Order (RAH);MES to OPM - Take-Out (On Cost Center and Scrapping) (RAH);MES to OPM - Take-Out (On Cost Center and Scrapping) (REN);MES to OPM - Take-Out on Manufacturing Order (RAH);MES to OPM - Take-Out on Manufacturing Order (REN);MES to OPM - Transport Order (RAH);MES to OPM - Transport Order (REN);OPM to MES - Batch Master Data (Lot Generation) (RAH);OPM to MES - Batch Master Data (Lot Generation) (REN);OPM to MES - Incoming Transport (Intern Order or Sub Inv) (RAH);OPM to MES - Incoming Transport (Intern Order or Sub Inv) (REN);OPM to MES - Material Master (Item Master) (RAH);OPM to MES - Material Master (Item Master) (REN);OPM to MES - PROCESS ORDER (Batch) (RAH);OPM to MES - PROCESS ORDER (Batch) (REN),,,,,,,,,,,,
ada1177d-f19b-4a05-a1ba-93f103837fc6,DataObject,Benefits,Benefits,Businesssolver to Oracle Payroll;INT084  Workday to Businessolver - Worker Data;Oracle Payroll to WageWorks;Wageworks to Oracle Payroll - Benefits,,,,,,,,,,G&A IT,,
75bcef99-6f0c-4f58-96f0-9a8b4533c016,DataObject,Bill of Material,Bill of Material,OPM to MES - Master Batch Record (BOM & Routing) (RAH);OPM to MES - Master Batch Record (BOM & Routing) (REN),,,,,,,,,,,,
07905c5e-3608-443d-9e03-9e5fc24cd624,DataObject,BOM Item no.,BOM Item no.,MES to OPM - Take-Out on Manufacturing Order (RAH);MES to OPM - Take-Out on Manufacturing Order (REN);OPM to MES - PROCESS ORDER (Batch) (RAH);OPM to MES - PROCESS ORDER (Batch) (REN),,,,,,,,,,,,
fdb7e8de-1411-4819-bcad-f90378f90439,DataObject,BRR Approval Decision,BRR Approval Decision,MES to OPM - BRR Approval (RAH);MES to OPM - BRR Approval (REN),,,,,,,,,,,,
13a905fe-6a6c-4626-8a5e-a7d07a8bb363,DataObject,Buildings,Buildings,Data Warehouse to Fusion BCP,,,,,,,,,,G&A IT,,
21780b79-2590-4aa6-9c30-79e685c79b21,DataObject,Call Activity,Call Activity,"Global Medical Analytics Datawarehouse to Qlik (Qlikview & QlikSense) - Call activity, medical information;RTS to Global Medical Analytics Datawarehouse - Call activity, Medical information;Veeva Medical CRM Global to Global Medical Analytics Datawarehouse - Call activity, medical information;Veeva Medical CRM to Engage - Call Activity;Veeva Medical CRM to RTS - Call activity, medical information",,,,,,,,,,,Veeva Medical CRM Global,
2fb7cbfe-7c8a-4477-88ee-eda8d378d2e0,DataObject,Call Center Inquiry Data,Call Center Inquiry Data,Sanofi Med Info Platform to RWDnA Platform - Call Center Inquiry Data,,,,,,,,,,,,
c0fb090c-1028-4bb4-aeed-9516504d9296,DataObject,Candidate,Candidate,BrassRing to Qlik (External App);Candidates_Qlik_INT;HRDL_RPT_RAAS_Requisitions_Qlik;INT085  Avature to Workday - Candidate Information (PUT CANDIDATE);INT086  Workday to Candex - Candidate Status;INT090  Workday to Candex - All Requisitions;INT174  Workday to HireRight - Background Check;INT206  Candex to Workday - Candidate data include attachments;INT207  Candex to Workday - Candidate attachments;INT218_-_Business_Process_Transactions_-_Data_Warehouse__Qlik__Job_Application_Event;INT218_-_Job_Applications_-_Data_Warehouse__Qlik__Application_Data;INT218_-_Job_Applications_-_Data_Warehouse__Qlik__Candidate_Profile_Data;INT218_-_Job_Applications_-_Data_Warehouse__Qlik__Interview_Data;INT261 Workday to Modern Hire;INT265  Workday to Avature - Candidate Status;INT290 – Out - Workday to Beamery – CRM-API-Design;INT291 - Out - Workday to Beamery-Career Site -RAAS;INT294 - Out - Workday to Graebel - Candidate Data Feed - EIB;Oracle Finance to Data Warehouse;RPT_RAAS_Candidates_Qlik,Career Site Replacement,,,,,,,,,G&A IT,Beamery Talent CRM;LinkedIn Recruiter,
36bd6ea4-2506-4442-8eb4-033f89ee2874,DataObject,Catalog,Catalog,Veeva RIM Submissions to Alation - Catalog Data,,,,,,,,,,,,
f0473c48-de62-42d0-8418-fcc636d3c24f,DataObject,Checks,Checks,JPMC to Oracle Cash Management;Oracle Payables to JPMC - Checks to Print,,,,,,,,,,G&A IT,,
b30fccf4-fd20-4d08-9d85-52188efea22b,DataObject,CIOMS,CIOMS,Argus to Veeva Site Connect - CIOMS,,,,,,,,,,,,
be9f80f1-ce71-4fab-8645-4229ecc5aca8,DataObject,Clinical Data,Clinical Data,gDAN to Veeva RIM Submissions - Clinical Trial Data;Veeva CTMS to Converge Health - Clinical Data,,,,,,,,,,,,
1d43efde-2577-4062-aedb-b98d50b038bf,DataObject,Clinical Supplies Tracking,Clinical Supplies Tracking,"ASIST to ODR - Supplies Tracking, Protocol, Country, Investigator, Site Number;KSP to ODR - Supplies Tracking;N-Side to ODR - Supplies Tracking",,,,,,,,,,,,
03ef95c1-d76a-4ab4-9bfa-1da1df949b3b,DataObject,Clinical Trial Data,Clinical Trial Data,"SharePoint to SharePoint - Excel Binder Report, Clinical Trials Documents;Veevavault CTMS - ODR - EDC, IVR, Monitoring Data",,,,,,,,,,,,
cd1e134f-2f88-441f-acdd-d5fd4193b6ac,DataObject,Compensation,Compensation,Candidates_Qlik_INT;INT- Range File BetterComp;INT294 - Out - Workday to Graebel - Candidate Data Feed - EIB;Oracle EBS to EPBCS Workforce - Compensation Data for Existing Employee;RPT_RAAS_Internal_Move_Reasons_Qlik;Workday to Payfactors - Compensation,,,,,,,,,,G&A IT,,
46f2d426-0989-4721-a5b1-a9ab2eabe67a,DataObject,Compensation Foundation Data,Compensation Foundation Data,INT093  Workday to Payfactors - Work Structure Data;INT095  Workday to Payfactors - Paymarkets Data;INT099  Workday to Payfactors - Work Structure Mapping;INT_Bettercomp_Local_Grades;RPT_RAAS_Compensation_Categories_Qlik,,,,,,,,,,G&A IT,,
108e7a0b-66a5-4616-8910-4952bcd9933a,DataObject,"Consolidated Report (PPD, IRT, ERT)","Consolidated Report (PPD, IRT, ERT)",RTS to Data Lake - Consolidated Report,,,,,,,,,,,,
799fc525-8cde-48d5-94c9-586201f016a9,DataObject,Contracts,Contracts,,,,,,,,,,,,,
5c094fcf-6df4-47cb-ada9-bc6cda308748,DataObject,Contracts (GD),Contracts (GD),Icertis to Adobe Sign - Contracts;Veeva Medical CRM to Icertis - Contracts,,,,,,,,,,,,
444bec30-3a6e-45af-a4ef-8d368475e8d8,DataObject,Contracts Documents,Contracts Documents,,,,,,,,,,,,,
88cf6e4f-1121-4e26-b955-4edc927a10c3,DataObject,Contracts Metadata,Contracts Metadata,I&AG Law Data Lake to Qlik - Contracts Metadata,,,,,,,,,,,,
23eb8a1e-1b97-4de3-84fd-52ec6a07b3d0,DataObject,Country,Country,"ASIST to ODR - Supplies Tracking, Protocol, Country, Investigator, Site Number;Core Country Committee to ODL - Country Data;CRO to Veeva CTMS - Study, Country, Site;ODL to Knowledge Management - Study Metadata, Site Enrollment, Site Milestone, Site Information, Study Milestones, Country Data, ICF",,,,,,,,,,,,Country / Country Plan
3f788e52-2a01-437f-bedb-a2d0928970fa,DataObject,Country Plan,Country / Country Plan,,,,,,,,,,,,,
07634e91-8304-4f2f-8b19-3c32daad126f,DataObject,CRD,CRD,"Veeva Vault MedComms to EverSana - SML, CML, SRD, CRD",,,,,,,,,,,,
252b701b-e6d1-4628-a2ae-0cf462a4cd35,DataObject,CTMS Studies,CTMS Studies,ASIST to Sharepoint - CTMS and ESR Studies;Veeva CTMS to Sharepoint - CTMS and ESR Studies,,,,,,,,,,,,
824fda3e-1e25-42cd-937b-ecaf24ff026b,DataObject,Currency,Currency,Oracle Finance to Data Warehouse;Reval to Oracle General Ledger - Currency,,,,,,,,,,G&A IT,,
a23b1fce-095d-4cb9-997b-8364998372f8,DataObject,Data Extracts,Data Extracts,ESR SP to Pharmaspectra - Data Extracts,,,,,,,,,,,,
ac031946-d200-4bf3-a611-488ec428f061,DataObject,Deletion Indicator,Deletion Indicator,OPM to MES - Master Batch Record (BOM & Routing) (RAH);OPM to MES - Master Batch Record (BOM & Routing) (REN);OPM to MES - Material Master (Item Master) (RAH);OPM to MES - Material Master (Item Master) (REN),,,,,,,,,,,,
97009c5d-f6e0-443f-9a64-d2883421d842,DataObject,Departments,Departments,EDMCS to Beeline - Departments and Organizations;Insights RM to ODL - Insights,,,,,,,,,,,,
6b5adc7b-9747-4bb7-aa83-88586eb886dd,DataObject,Destination Location - Location Field Size Enlarged,Destination Location - Location Field Size Enlarged,MES to OPM - Take-Out on Manufacturing Order (RAH);MES to OPM - Take-Out on Manufacturing Order (REN);OPM to MES - Incoming Transport (Intern Order or Sub Inv) (RAH);OPM to MES - Incoming Transport (Intern Order or Sub Inv) (REN),,,,,,,,,,,,
aad8417c-3a14-4760-be68-fe35aa99aa83,DataObject,Document,Document,Docubridge to Toolbox - Document;Veeva eTMF to Veeva RIM Submissions - Document;Veeva RIM Submissions to Veeva eTMF - Documents,* IOPS - Quality Systems Veeva Program / IOPS - GLO QMS/QDocs Veeva P2,,,,,,,,,,,Document / Approved Documents;Document / Approved Publication;Document / Audit Findings;Document / CAPA Response;Document / Custom Medical Letter (CML);Document / Draft;Document / Draft Publication;Document / Health Authority Correspondence Documents;Document / Labeling Requirements;Document / Labels;Document / Published Submission Documents;Document / Standard Medical Letter (SML);Document / Submission Content
da8f75a9-fcd9-41ba-97ef-024828de8e5f,DataObject,Approved Documents,Document / Approved Documents,"Veeva eTMF to Veeva QMOD - Product, Study;Veeva MedComms to Veeva Medical CRM - Approved Documents, Medical Materials;Veeva MedComms to Veeva Medical CRM Global - Approved Documents, Medical Materials",* IOPS - Quality Systems Veeva Program / IOPS - GLO QMS/QDocs Veeva P2,,,,,,,,,,,
a10b44a1-465a-47ac-9182-e2848ef6e49f,DataObject,Approved Publication,Document / Approved Publication,"Data vision to Mediverse - Approved Publication;External Authoring Vendors to Data Vision - Draft, Approved Publications",,,,,,,,,,,,
f0df0935-9eb9-4589-98ce-d98663902c28,DataObject,Audit Findings,Document / Audit Findings,"Sharepoint to Veeva QMOD - Audit Findings, CAPA Response",,,,,,,,,,,,
5c88ef1a-77ec-48fb-a292-6d51a91311d0,DataObject,CAPA Response,Document / CAPA Response,"Sharepoint to Veeva QMOD - Audit Findings, CAPA Response",,,,,,,,,,,,
7366d273-6d0a-4b43-a5a8-c817eebbdfff,DataObject,Custom Medical Letter (CML),Document / Custom Medical Letter (CML),"Veeva Vault MedComms to EverSana - SML, CML, SRD, CRD",,,,,,,,,,,,
c62bf4d2-c9bb-4e90-9f39-5666beec51f6,DataObject,Draft,Document / Draft,"Veeva RIM Registrations to LATIS - Document drafts, Artwork, Labeling requirements",,,,,,,,,,,,
529d2910-8709-4731-845d-a2ae484babc3,DataObject,Draft Publication,Document / Draft Publication,"External Authoring Vendors to Data Vision - Draft, Approved Publications",,,,,,,,,,,,
f1e513d1-26ff-42cd-a96a-3e12f9880903,DataObject,Health Authority Correspondence Documents,Document / Health Authority Correspondence Documents,Health Authority Correspondence to SharePoint - HAC Documents,,,,,,,,,,,,
b4099eaa-cdae-4a1f-927b-51bd83de5bb1,DataObject,Labeling Requirements,Document / Labeling Requirements,"Veeva RIM Registrations to LATIS - Document drafts, Artwork, Labeling requirements",,,,,,,,,,,,
a369a0ea-f523-4268-863f-c0b31258369f,DataObject,Labels,Document / Labels,Veeva Vault RIM Registration to Office 365 - Labels,* IOPS - Quality Systems Veeva Program / IOPS - GLO QMS/QDocs Veeva P2,,,,,,,,,,,
0218ae48-3ea2-40d5-8fa0-ca848de649eb,DataObject,Published Submission Documents,Document / Published Submission Documents,DocuBridge to Veeva RIM Submissions - Published Submission Documents,,,,,,,,,,,,
4fe7813e-a640-45ce-bed0-4e48dd1573b4,DataObject,Standard Medical Letter (SML),Document / Standard Medical Letter (SML),"Veeva Vault MedComms to EverSana - SML, CML, SRD, CRD",,,,,,,,,,,,
bfa146ab-8d58-4cc9-827d-2692e7f54518,DataObject,Submission Content,Document / Submission Content,"CRO to ODR - eTMF Document, Non CRF Data;Veeva RIM Submissions to Docubridge - Submission Content",,,,,,,,,,,,
fc8e65a0-ba4e-4f80-8d7b-807b95fd270e,DataObject,Document Requests,Document Requests,"RWDnA Platform to Data Vision - Research Ideas, Document Requests",* IOPS - Quality Systems Veeva Program / IOPS - GLO QMS/QDocs Veeva P2,,,,,,,,,,,
50d0838c-be89-48f9-a82b-ac9e10d8dca2,DataObject,Domains,Domains,Insights RM to ODL - Insights,,,,,,,,,,,,
72597c54-c3bf-47aa-96bb-4e68e46b5f14,DataObject,eCOA/ePRO Data,eCOA/ePRO Data,CRO to Veeva to Vault Track (eTMF) - Operational Study Data,,,,,,,,,,,,eCOA/ePRO Data / eCOA Master File;eCOA/ePRO Data / eCoA Summary Report
580ca8fc-b6cd-4fd7-8a04-8dd4dbdec07d,DataObject,eCOA Master File,eCOA/ePRO Data / eCOA Master File,Bus Ops SharePoint to Data Lake Phase 1 - Study Budget and eCOA master file,,,,,,,,,,,,
0ce18099-59cc-49e3-80e8-ba5810d8b721,DataObject,eCoA Summary Report,eCOA/ePRO Data / eCoA Summary Report,"ODR to RTS - eCoA, IRT Summary Report",,,,,,,,,,,,
368c2ed7-4f03-4d13-b8c7-9f1bdfac54df,DataObject,EDC,EDC,"Axway to Operational DataLake - Operational EDC, non-CRF Data;EDC Raw data, Labs, ECG, Imaging, Genomics to J-Review;Rave EDC to Scientific Data Lake - EDC Data;Rave EDC to Veeva CTMS - EDC;Veevavault CTMS - ODR - EDC, IVR, Monitoring Data",,,,,,,,,,,,EDC / CRF Data;EDC / Patient
55d1198d-75a2-48e4-83f2-aa4aada65d57,DataObject,CRF Data,EDC / CRF Data,"Axway to IQVIA - CRF, Lab, Biomarker Data;CRF Data to Rave EDC - CRF Data",,,,,,,,,,,,
be42b2ea-de9d-4718-963e-a2c68c05ad3d,DataObject,Patient,EDC / Patient,CRO to Veeva to Vault Track (eTMF) - Operational Study Data;Rave EDC to Veeva CTMS - EDC,,,,,,,,,,,,
a1511013-0e5d-4e2d-918d-126391a9fc5b,DataObject,Education,Education,HRADMNRPTMJG_RAAS_Diversity_and_Education_Qlik;INT276_-_All_Active_and_Terminated_Workers_-_RPT_QLIK_Employee_Education_Data;RPT_RAAS_Diversity_and_Education_Qlik,,,,,,G&A IT,,,,G&A IT,,
dbbc9010-e8cf-44dc-8f33-bcc1a2a34bf3,DataObject,Element,Element,E*Trade to Oracle Payroll;EdAssist to Oracle Payroll;Fidelity to Oracle Payroll - Loan;Fidelity to Oracle Payroll - Pre and Post Tax;Weichert to Oracle Payroll - Reloc,,,,,,,,,,G&A IT,,
6160cac5-39f0-4bd2-8487-f7cbb6593a12,DataObject,Employee,Employee,"Achievers to Oracle;Active Directory (External App) to Data Warehouse;Active Directory (External App) to Oracle Core HR;CCure (External App) to Data Warehouse;Concur to Medpro;Concur to Oracle General Ledger - Expense Report;Concur to Oracle General Ledger - PCard;Concur to Payroll - Expense Report Data;Corepay to Oracle General Ledger;Data Warehouse to Beeline - Users;Data Warehouse to CCure (External App);Data Warehouse to Dival Safety Boots (External App);Data Warehouse to Hyland Onbase - S&R;Data Warehouse to IOPS Data Warehouse (External App);Data Warehouse to Qlik (External App) - HR Data;Data Warehouse to RPA (External App);Data Warehouse to RSIGuard Ergonomics (External App);Data Warehouse to Zycus iAnalyze;E*Trade to Oracle Payroll;HRDL_RPT_RAAS_Requisitions_Qlik;Hubble to Oracle eBS;INT002  Workday to Achievers - Worker Data;INT003  Workday to Lawlogix - New Hire;INT005 - Out - Workday to Lawlogix - Employee Changes Feed - EIB;INT030  Workday to AON (External App) - Worker Data;INT040  Workday to Beeline Employee Data;INT041 TriRiga to Workday - Worker Assignment;INT084  Workday to Businessolver - Worker Data;INT091  Workday to Payfactors - Employee Data;INT094 DataWarehouse to Benevity (External App);INT102  Workday + Beeline to Compliance Wire (External App);INT108  Workday + Beeline to Concur - Profile Data;INT110  Workday + Beeline to Concur - Login Data;INT112  Workday to Conduent (External App) - New York Hiring Reporting;INT114  Workday to CorePay - Employee Master Delta;INT116  Workday to CorePay - Employee Master Full;INT118 Workday to Corepay - Salary Rate Delta;INT120 Workday to Corepay - Salary Rate Full;INT129 Workday + Beeline to SumTotal - Employee Data;INT131 Workday + Beeline to SumTotal - Users to Organizations;INT135 Workday + Beeline to SumTotal - User to Jobs;INT138 Workday + Beeline to CVENT - Approval Limits;INT143  Workday + Beeline to TriRiga;INT145  Workday + Beeline to Veeva (External App) - Termination Data;INT147 Workday to Veeva (External App) - New Hire Data;INT149  Workday to Veeva (External App) - Delta Data;INT162  Workday to EdAssist - Worker Data;INT163  Workday + Beeline to Enablon (External App);INT164  Workday to Equity Edge - Stock Portfolio;INT167  Workday + Beeline to Everbridge;INT169  Workday to Fidelity - Worker Data;INT172  Workday to Grainger (External App) Employee Data;INT176  Workday to Hyland - Worker Full Feed;INT177  Workday to Hyland - Worker Delta Feed;INT181  Workday to IC portal (External App) - LOA Data;INT182  Workday to IC portal (External App) - Transfer Data;INT183  Workday to IC portal (External App) - Promotion Data;INT184  Workday to IC portal (External App) - Term Data;INT185  Workday to IC portal (External App) - New Hire Data;INT186  Workday to IC portal (External App) - Roster Data;INT187  Workday + Beeline to Icertis;INT204  Workday to Broadspire - Worker Data;INT222 ServiceNow to Workday - Account and Email;INT224  Workday to ServiceNow - HR Profile;INT253 Workday to Glint - Employee Feed;INT261 Workday to Modern Hire;INT262  Workday to ServiceNow Case Creation - Terminations;INT263  Workday to ServiceNow Case Creation - non-termination events;INT267  Workday to Splunk (External App) - User Activity;INT275  Oracle Data Reconciliation;INT283 - Out - Get Connected New Hires – EIB;INT283 - Out - Get Connected New Hires – EIB / INT283 - Out - Get Connected New Hires - RENS - EIB;INT284 Workday to Journey Live - Worker Data;INT289 Workday + Beeline to Insights RM (External App);INT293 - Out - Workday to Aristotle (External App) - Employee Membership Eligibility Data Feed - EIB;INT296 - Out - Workday to Gift Vendor - Employee Address Data Feed - EIB;INT_Bettercomp_Employee_Data;INT_Workday_Vistornet;Legacy PBCS to Oracle eBS - GL, AP, PO;Lenel (External App) to Data Warehouse;Oracle Compensation to Equity Edge - Taxes;Oracle Compensation to Equity Edge - Wages;Oracle Core HR to Peoplefluent ""Who's Who"";Oracle Core HR to Weight Watchers;Oracle EBS to Legacy PBCS - Employee;Oracle EBS to Legacy PBCS - Overtime;Oracle Finance to Data Warehouse;Oracle Payroll to ADP - Lien Disbursement;Oracle Payroll to ADP - Print Interface;Oracle Payroll to Fidelity;Oracle Payroll to i2Verify;Oracle to Legal Hold Pro;Oracle to SumTotal - Employee;Oracle to SumTotal - Employee to Job;Oracle to SumTotal - Employee to Organization;OTL to Corepay;P2000 (External App) to Data Warehouse;REGN ADP Tax Monthly Interface;REGN ADP Tax Periodic Interface;REGN ADP Tax Quarterly Interface;RPT_HCM_Terminations_IOPS_DL;Veeva (External App) to Data Warehouse;Wageworks to Oracle Payroll - Benefits;WD+BL to Intuition LMS (External App);Weichert to Oracle Payroll - Reloc;Workday + Beeline to Active Directory (External App);Workday + Beeline to CCure (External App);Workday + Beeline to Ceridian EE Out to Filemaker Pro V16 RENS (External App);Workday + Beeline to Ceridian EE Out to Filemaker Pro V18 Tarrytown (External App);Workday + Beeline to Ceridian EE Out to InsightsRM (External App);Workday + Beeline to Ceridian EE Out to SailPoint (External App);Workday + Beeline to Ceridian to Active Directory (External App);Workday + Beeline to Ceridian to Ruby User Table (External App);Workday + Beeline to Dival Safety Boots Tarrytown only (External App);Workday + Beeline to Filemaker Pro Tarrytown & Ruby User Table (External App) V18;Workday + Beeline to Hyland Onbase S&R (External App);Workday + Beeline to IOPS Data Warehouse (Managed by IOPS);Workday + Beeline to RSIGuard (External App);Workday + Beeline to Safety Stratus (External App);Workday + Beeline to Sailpoint (External App);Workday + Beeline to to Ceridian EE Out to Data Warehouse (Master Data);Workday to Benevity (External App);Workday to Dival Safety Boots (External App);Workday to Global Equity Tracker;Workday to Magnatron Employee Data;Workday to Oracle - Address Validation;Workday to Oracle - Automate IOPS Assignment Time Information;Workday to Oracle - Employee Shell Record;Workday to Weight Watchers;Workday to Workday Employee ID Update (Boomerang);Workday+Beeline to Intuition",Career Site Replacement,,,,,,,,,G&A IT,Graebel globalCONNECT;Maven Clinic Platform;Sedgwick,
87d67947-0b32-4ba0-b93f-5c963936115a,DataObject,Employees,Employees,HRADMINRPT_RS_RAAS_Internal_Move _Reasons_Qlik;Insights RM to ODL - Insights;INT276_-_All_Active_and_Terminated_Workers_-_RPT_QLIK_Employee_Education_Data;INT292 - Out - Workday to Maven - Employee Family Benefits Data Feed - EIB;RPT_RAAS_HCM_Roster_Qlik;RPT_RAAS_Positions_Qlik;RPT_RAAS_Requisitions_Qlik;RPT_RAAS_Termination_Reason_Codes_Qlik;Workday to EPBCS Workforce - New Hire,,,,,,,,,,,,
a2b1f558-f0cd-4cd6-83c9-09ca2e5de373,DataObject,End Date,End Date,MES to OPM - End Manufacturing Order (RAH);MES to OPM - End Manufacturing Order (REN),,,,,,,,,,,,
52067fe5-ae59-43c9-b0db-8f69e610f34b,DataObject,End Points,End Points,"gREG to ODL - End Points, Outcome Measures",,,,,,,,,,,,
bc31f31d-5865-446f-b842-4e87039bddf2,DataObject,Enrollment Milestone,Enrollment Milestone,"Data Query Systems to CTMS - Study, Site, Enrollment Milestones;IQVIA to Veeva CTMS - Study, Site, Enrollment Milestones;ODR,ODL to Study Optimizer - Study,Site, Enrollment Data",,,,,,,,,,,,
fb26bc5c-6948-4ee2-8233-9e333ecb09f0,DataObject,ERP Destination Inventory Organization,ERP Destination Inventory Organization,OPM to MES - Incoming Transport (Intern Order or Sub Inv) (RAH);OPM to MES - Incoming Transport (Intern Order or Sub Inv) (REN),,,,,,,,,,,,
78d4f74c-5452-4258-a4c9-43fe61ea2576,DataObject,ERP Destination Storage Locator,ERP Destination Storage Locator,MES to OPM - Outgoing Transport (RAH);MES to OPM - Outgoing Transport (REN);OPM to MES - Incoming Transport (Intern Order or Sub Inv) (RAH);OPM to MES - Incoming Transport (Intern Order or Sub Inv) (REN),,,,,,,,,,,,
eb5889d0-3225-468b-973c-6f4114b0cf09,DataObject,ERP Destination Sub-Inventory,ERP Destination Sub-Inventory,MES to OPM - Outgoing Transport (RAH);MES to OPM - Outgoing Transport (REN);OPM to MES - Incoming Transport (Intern Order or Sub Inv) (RAH);OPM to MES - Incoming Transport (Intern Order or Sub Inv) (REN),,,,,,,,,,,,
17656ee2-d311-4c75-8ba2-c3dba873c20c,DataObject,ESR Studies,ESR Studies,ASIST to Sharepoint - CTMS and ESR Studies;Veeva CTMS to Sharepoint - CTMS and ESR Studies,,,,,,,,,,,,
69abf6b0-293a-427c-8d06-4622e03ae5fc,DataObject,eTMF,eTMF,,,,,,,,,,,,,eTMF / eTMF Document;eTMF / eTMF Document Tracking
9b7c0f4b-37f2-4481-bf62-029a0ce7aaf7,DataObject,eTMF Document,eTMF / eTMF Document,"CRO to ODR - eTMF Document, Non CRF Data",,,,,,,,,,,,
02501843-4089-4d19-82fe-82af927fa664,DataObject,eTMF Document Tracking,eTMF / eTMF Document Tracking,eTMF to ODR - eTMF Document Tracking Data,,,,,,,,,,,Veeva - eTMF (Track),
3ca052bc-a5d3-47d5-bc5d-c3c848468dd4,DataObject,Excel Blinder Report,Excel Blinder Report,"SharePoint to SharePoint - Excel Binder Report, Clinical Trials Documents",,,,,,,,,,,,
64cfa24a-6a99-42c2-ada0-0485d66458b1,DataObject,Excel Output (Training for audit assignments/resources),Excel Output (Training for audit assignments/resources),REGENU to Compass - Excel Output,,,,,,,,,,,,
9238a1b1-f784-448a-9f61-8b7bf188554c,DataObject,Expenses,Expenses,Concur to Medpro;Concur to Oracle General Ledger - Expense Report;Concur to Oracle General Ledger - PCard;Concur to Oracle Payroll;Concur to Payroll - Expense Report Data;Oracle Finance to Data Warehouse;Oracle to Data Warehouse - Concur Data,,,,,,,,,,G&A IT,,
5dc904e9-e009-4b5c-9dd0-9f6a11f023e0,DataObject,Expert Tracking Info,Expert Tracking Info,,,,,,,,,,,,,
befba157-aee3-42a0-95e9-3bd85b59cc75,DataObject,Expiry date,Expiry date,OPM to MES - Batch Master Data (Lot Generation) (RAH);OPM to MES - Batch Master Data (Lot Generation) (REN),,,,,,,,,,,,
5efdddef-ec83-44d9-8dde-4c3c0f8d8bcf,DataObject,Facility Assets,Facility Assets,Data Warehouse to Fusion BCP;Oracle Finance to Data Warehouse;TriRiga to Data Warehouse - Assets,,,,,,,,,,G&A IT,,
85c0755d-f53d-4b83-87e8-bf355ebddbea,DataObject,Final Issue Flag,Final Issue Flag,MES to OPM - Take-Out on Manufacturing Order (RAH);MES to OPM - Take-Out on Manufacturing Order (REN),,,,,,,,,,,,
8ef88314-32f2-4294-a0ab-76ad0a5f7235,DataObject,Financials,Financials,Hubble to Oracle eBS;Oracle Finance to Data Warehouse;Oracle Payables to JPMC - Positive Pay,,,,,,,,,,G&A IT,,
d2f47cda-52c2-4558-b425-8aacf54a005d,DataObject,Flat Files,Flat Files,Veeva Medical CRM to RW Data Lake - Flat Files,,,,,,,,,,,,
2a7a4878-3f86-47ac-bac0-952bd787349a,DataObject,Formatted Outputs,Formatted Outputs,"Veeva CTMS to Veeva QMOD - Product, Study;Veeva eTMF to Veeva QMOD - Product, Study",,,,,,,,,,,,
bbad78b3-66d6-489b-a8ef-4b9a27bb051c,DataObject,GL,GL,"Concur to Oracle General Ledger - Expense Report;Concur to Oracle General Ledger - PCard;Concur to Payroll - Expense Report Data;Corepay to Oracle General Ledger;Costar to Oracle General Ledger;Legacy PBCS to Oracle eBS - GL, AP, PO;Oracle Finance to Data Warehouse;Reval to Oracle General Ledger - GL",,,,,,,,,,G&A IT,,
0b2f9110-5090-4802-9606-eebeb9bcad6d,DataObject,Grants Cases,Grants Cases,EFMS to Global Medical Analytics Datawarehouse - Grants Cases,,,,,,,,,,,,
e0f36bd2-1ef8-4027-9fac-74eba5b2a938,DataObject,HCO,HCO,Oracle Payables to MedPro,,,,,,,,,,G&A IT,,
b7a8b4bb-8cef-429f-bf30-cd8cc238de95,DataObject,HCP,HCP,Oracle Payables to MedPro,,,,,,,,,,G&A IT,,
1dd559d4-0ca6-4f2f-b31a-89fa055d20aa,DataObject,HCP (GD),HCP (GD),Veeva CRM to Veeva Link - Document;Veeva Medical CRM Global to Commercial MDM - HCP Accounts;Veeva Medical CRM to Commercial MDM - HCP Accounts;Veeva Medical CRM to Concur - HCP Accounts,,,,,,,,,,,,HCP (GD) / Documents;HCP (GD) / Insights;HCP (GD) / Interactions;HCP (GD) / Key Opinion Leader (KOL)
fe9035b1-7b65-4ab8-93fd-0b3d620316e8,DataObject,Documents,HCP (GD) / Documents,,,,,,,,,,,,,
ed1a5226-a3cc-4f47-8b43-0fece6c8d2bb,DataObject,Insights,HCP (GD) / Insights,,,,,,,,,,,,,
863c6bef-a1e3-4bbf-b257-0c953b240d7a,DataObject,Interactions,HCP (GD) / Interactions,Veeva Medical CRM to Acceleration Point - HCP Interactions,,,,,,,,,,,,
0aa47275-bb3f-4dbb-8abd-08ca7cd0775d,DataObject,Key Opinion Leader (KOL),HCP (GD) / Key Opinion Leader (KOL),SteepRock to Veeva Medical CRM - KOL,,,,,,,,,,,,
48671ccb-5146-4510-aa5b-fa250dadf5a3,DataObject,Headcounts,Headcounts,Insights RM to ODL - Insights,,,,,,,,,,,,
aa9920b0-8125-4337-9b92-9a450b1e97cb,DataObject,Health Authority Correspondence Data,Health Authority Correspondence Data,Veeva RIM to HAC - HAC Data,,,,,,,,,,,,
e017f00c-d07b-4617-bd6b-e48fe66ff990,DataObject,Home Health,Home Health,"GTO Data Ingestion Forms to Qlik - Materials, Recruitment Campaign - Country & Study, Social Media - Country & Study, Home Health, Patient Reimbursement, Site Augmentation - Study & Country",,,,,,,,,,,,
22944063-969f-42c0-a52b-f47630a29379,DataObject,HR Portal Data,HR Portal Data,Workday to Insights RM - HR Portal Data,,,,,,,,,,,,
97c57558-826a-4afb-946e-333c00f50f84,DataObject,ICF Templates,ICF Templates,Precision Medicine Server to Veeva eTMF - ICF Templates,,,,,,,,,,,,
43e9f537-6495-4649-807f-95e33b64fc62,DataObject,Images data,Images data,Imaging to Flywheel - Images;Imaging to iPACS - Images,,,,,,,,,,,,
018c21cb-ebce-4e03-b83c-836251256cfe,DataObject,Informed Consent form Data,Informed Consent form Data,"Dataiku to ICF - Informed Consent Form Data / Metadata;ODL to Dataiku - Informed Consent Form Data;ODL to Knowledge Management - Study Metadata, Site Enrollment, Site Milestone, Site Information, Study Milestones, Country Data, ICF;Veeva CTMS (Zai China) to ODL - Site Milestone, Study Metadata, ICF;Veeva CTMS to ODL - Site Milestone, ICF;Veeva eTMF to ODL - Informed Consent Form Data",,,,,,,,,,,,
25e9640d-a091-41ad-a6d3-214d20c6cb6b,DataObject,Informed Consent form MetaData,Informed Consent form MetaData,Dataiku to ICF - Informed Consent Form Data / Metadata,,,,,,,,,,,,
deee34d2-48b7-4bbc-9c22-de113a81917f,DataObject,Insights RM Data,Insights RM Data,Insights RM to Dataiku - Insights RM Data;Insights RM to Power BI - Insights RM Data;Insights RM to Qlik - Insights RM Data;Insights RM to Tableau - Insights RM Data,,,,,,,,,,,,
c0d07ea5-40cb-4ce6-8e71-8a760a55cbb1,DataObject,Insights/KPIs,Insights/KPIs,"RWDnA to IQVIA - Plans, Insights",,,,,,,,,,,,
c1f153b7-e6e0-4b84-8263-c0ea6414b845,DataObject,Inspection Data,Inspection Data,Inspection Management DB to QlikView/QlikSense - Inspection Data,,,,,,,,,,,,
d6f75524-09be-4660-92ec-cd2894de8fee,DataObject,Institution,Institution,"Citeline to MDM - Investigator, Institution;DQS(IQVIA) Passback to MDM - Investigator, Institution;ICON CTMS to MDM - Investigator, Institution;ODL to Knowledge Management - Investigator, Institution;PAREXEL CTMS to MDM - Investigator, Institution;PPD CTMS to MDM - Investigator, Institution;SPOR to MDM - Institution;SYNEOS CTMS to MDM - Investigator, Institution;Veeva CTMS to MDM - Investigator, Institution, Study;WCG to MDM - Investigator, Institution",,,,,,,,,,,,
585b9e61-2d84-4db8-8b62-32e0fe4e423e,DataObject,Investigator,Investigator,"ASIST to ODR - Supplies Tracking, Protocol, Country, Investigator, Site Number;Citeline to MDM - Investigator, Institution;DQS(IQVIA) Passback to MDM - Investigator, Institution;ICON CTMS to MDM - Investigator, Institution;NPI Registry to MDM - Investigator;ODL to Knowledge Management - Investigator, Institution;ODL to MDM - Investigator, Study;PAREXEL CTMS to MDM - Investigator, Institution;PPD CTMS to MDM - Investigator, Institution;QMOD to MDM - Investigator;SYNEOS CTMS to MDM - Investigator, Institution;Veeva CTMS to MDM - Investigator, Institution, Study;Veeva Medical CRM to Jolt 360 - Investigator;WCG to MDM - Investigator, Institution",,,,,,,,,,,,
8d68e6a7-d117-4ad2-aef2-5e49dea71617,DataObject,Investigator Safety Alerts,Investigator Safety Alerts,IAL to Veeva eTMF - Investigator Safety Alerts;Site Connect to Veeva eTMF - Investigator Safety Alerts;Veeva CTMS to IAL - Investigator Safety Alerts;Veeva CTMS to Site Connect - Investigator Safety Alerts,,,,,,,,,,,,
7d09e924-8310-46d8-9364-fb3b7d038466,DataObject,Invoice,Invoice,Data Warehouse to Zycus iAnalyze;Email or Scanner (External App) to Kofax Markview;Kofax Markview to Oracle Payables;Oracle Accounts Payable to ModelN (External Application);Oracle Business Network (External App) to Oracle Payables;Oracle Finance to Data Warehouse;Oracle Payables to Business Digital Hub;Oracle Payables to Changepoint (External App) - Invoice Payments;REGN EBS EY GTP Integration;Serengeti to Oracle Payables,,,,,,,,,,G&A IT,Digital Business Hub;EY Global Tax Platform 1.0,
01e9010e-0e64-493e-bd96-75e65025239f,DataObject,Invoices & Accruals,Invoices & Accruals,"Oracle Financials to Changepoint - Req & PO, Invoices & Accruals",,,,,,,,,,,,
3a9d45cb-d109-41ed-a24e-9df7d5fa4c85,DataObject,IOPS Test,IOPS Test,,,,,,,,,,,,,
a80865b3-03be-40b7-a6b2-31a79a1000a7,DataObject,IRT Reports,IRT Reports,,,,,,,,,,,,,
55fd5521-713c-4974-b14f-0c2650f02ee3,DataObject,IVR,IVR,"Veevavault CTMS - ODR - EDC, IVR, Monitoring Data",,,,,,,,,,,,
1c870e08-ed2d-417e-a16d-c3a1b20750be,DataObject,Jira Project Epics data,Jira Project Epics data,Jira to Changepoint - Epics data,,,,,,,,,,,,
68ca2490-e65c-4e9c-80c8-d9093009ef48,DataObject,Job,Job,Data Warehouse to Beeline - Job Titles;INT097  Workday to Payfactors - Job Data;INT107 Workday to Phenom;INT133 Oracle to SumTotal - Job Data;INT135 Workday + Beeline to SumTotal - User to Jobs;INT138 Workday + Beeline to CVENT - Approval Limits;INT225  Workday to CorePay Job Profile Feed;INT251 Workday to CorePay - External Job ID;INT276_-_All_Job_Profiles_-_RPT_Qlik_Job_Profiles;INT294 - Out - Workday to Graebel - Candidate Data Feed - EIB;INT_Bettercomp_Job_Data;Oracle to SumTotal - Employee to Job;Oracle to SumTotal - Jobs;Workday to Compa Offers - Job Data;Workday to Oracle EBS - Job Feed,,,,,,,,,,G&A IT,,
b26fb57d-3aa5-453b-a752-ea8cf129eed1,DataObject,Job Applications,Job Applications,INT218_-_Business_Process_Transactions_-_Data_Warehouse__Qlik__Job_Application_Event;INT218_-_Job_Applications_-_Data_Warehouse__Qlik__Application_Data,,,,,,G&A IT,,,,G&A IT,,
b75b25ba-f8e1-4c47-a87d-ce40f9a64cf5,DataObject,Job Interview,Job Interview,INT218_-_Job_Applications_-_Data_Warehouse__Qlik__Interview_Data,,,,,,G&A IT,,,,G&A IT,,
c7d28524-5ce5-4fcb-8998-b736008abd58,DataObject,Job Marketing,Job Marketing,Sparc to Beamery Career Site,,,,,,,,,,,Sparc-Amplify,
dfd285b9-51b0-4304-bf39-9179c82d0bc6,DataObject,Job Offers,Job Offers,Workday to Compa Offers - Offer Data,,,,,,G&A IT - Human Resources,,,,G&A IT,,
e5b7eaee-6a40-4098-a0b6-1dab77bec0af,DataObject,Job Posting or Job Requisition,Job Posting or Job Requisition,Beamery Career Site to External Job Boards;Beamery Career Site to LinkedIn Recruiter;Indeed to Glassdoor;INT032  Workday to Avature - Job Requistion Data;INT088  Workday to Candex - Ownership Check;INT090  Workday to Candex - All Requisitions;INT218_-_Business_Process_Transactions_-_Data_Warehouse__Qlik__Job_Application_Event;INT218_-_Business_Process_Transactions_-_Data_Warehouse__Qlik__Job_Requisitions_Event;INT290 – Out - Workday to Beamery – CRM-API-Design;INT291 - Out - Workday to Beamery-Career Site -RAAS;Phenom to Athlete (External App);Phenom to BioNJ (External App);Phenom to Biospace (External App);Phenom to DirectEmployers;Phenom to Indeed;Phenom to Indeed for Sponsored Jobs (External App);Phenom to LinkedIn;RPT_RAAS_Candidates_Qlik;RPT_RAAS_Requisitions_Qlik;RPT_TA_Requisitions_IOPS_DL,Career Site Replacement,,,,,,,,,G&A IT,,
8766f51d-4ca8-4cea-8fa9-092613c9fbce,DataObject,Journal Entries,Journal Entries,Oracle Finance to Data Warehouse;Oracle General Ledger to Changepoint (External App),,,,,,,,,,G&A IT,,
211df42d-47d8-458d-bc85-3a2f4f97bf35,DataObject,Key Dates,Key Dates,"Veeva RIM Submissions to Compass - Key Dates, Timing",,,,,,,,,,,,
5a765ecb-655c-4b01-93fc-3edc1f5d2a60,DataObject,KM Workflow Data,KM Workflow Data,Knowledge Management to ODL - KM Workflow Data,,,,,,,,,,,,
2979ce6c-80d7-484f-a67f-6b5482f7047b,DataObject,KQIs,KQIs,,,,,,,,,,,,,
565fb7dc-7997-4088-b7b2-1c57501fbb2d,DataObject,Location,Location,Data Warehouse to Fusion BCP;MES to OPM - Permanent Inventory (RAH);MES to OPM - Permanent Inventory (REN);MES to OPM - Take-Out (On Cost Center and Scrapping) (RAH);MES to OPM - Take-Out (On Cost Center and Scrapping) (REN);Oracle Finance to Data Warehouse;TriRiga to Data Warehouse - Building Locations - BCP;TriRiga to Data Warehouse - Building Locations - NEMO;Workday to Benevity (External App),,,,,,,,,,G&A IT,,
f48d9c1c-12cd-4a5a-837f-c133733021bc,DataObject,Master Data,Master Data,RPT_RAAS_Diversity_and_Education_Qlik;RPT_RAAS_Internal_Move_Reasons_Qlik,,,,,,G&A IT,,,,G&A IT,,
0f06a119-d1f6-41f5-a45d-a35060d195ea,DataObject,Master Data (GD),Master Data (GD),MDM to ODL - Master Data;MDM to Veeva CTMS - Master Data,,,,,,,,,,,,
8c8fc33e-196f-4ece-ba49-b65529b79b82,DataObject,Material Description,Material Description,OPM to MES - Material Master (Item Master) (RAH);OPM to MES - Material Master (Item Master) (REN),,,,,,,,,,,,
a9168cb9-99a7-4f17-9fe6-7486b4e856d6,DataObject,Material no.,Material no.,MES to OPM - BRR Approval (RAH);MES to OPM - BRR Approval (REN);MES to OPM - Outgoing Transport (RAH);MES to OPM - Outgoing Transport (REN);MES to OPM - Permanent Inventory (RAH);MES to OPM - Permanent Inventory (REN);MES to OPM - Take-Out (On Cost Center and Scrapping) (RAH);MES to OPM - Take-Out (On Cost Center and Scrapping) (REN);MES to OPM - Take-Out on Manufacturing Order (RAH);MES to OPM - Take-Out on Manufacturing Order (REN);MES to OPM - Transport Order (RAH);MES to OPM - Transport Order (REN);OPM to MES - Batch Master Data (Lot Generation) (RAH);OPM to MES - Batch Master Data (Lot Generation) (REN);OPM to MES - Incoming Transport (Intern Order or Sub Inv) (RAH);OPM to MES - Incoming Transport (Intern Order or Sub Inv) (REN);OPM to MES - Master Batch Record (BOM & Routing) (RAH);OPM to MES - Master Batch Record (BOM & Routing) (REN);OPM to MES - Material Master (Item Master) (RAH);OPM to MES - Material Master (Item Master) (REN);OPM to MES - PROCESS ORDER (Batch) (RAH);OPM to MES - PROCESS ORDER (Batch) (REN),,,,,,,,,,,,
ab3f2f8a-5624-43e3-93e0-98c414cebdeb,DataObject,Materials,Materials,"GTO Data Ingestion Forms to Qlik - Materials, Recruitment Campaign - Country & Study, Social Media - Country & Study, Home Health, Patient Reimbursement, Site Augmentation - Study & Country",,,,,,,,,,,,
a4e74703-5164-47a2-8c6e-e7128cc81e33,DataObject,Medical Information,Medical Information,"Axway to Looking Glass - Medical Information;Global Medical Analytics Datawarehouse to Qlik (Qlikview & QlikSense) - Call activity, medical information;Rave EDC to Looking Glass - Medical Information;RTS to Global Medical Analytics Datawarehouse - Call activity, Medical information;Veeva Medical CRM Global to Global Medical Analytics Datawarehouse - Call activity, medical information;Veeva Medical CRM to RTS - Call activity, medical information",,,,,,,,,,,Veeva Medical CRM Global,
a097f4b7-7b71-4966-86c0-b8e6a6ef3c28,DataObject,Medical Information Requests Cases,Medical Information Requests Cases,Eversana/Techsol Call Center to Global Medical Analytics Datawarehouse - Medical Information Request Cases;Sanofi Med Info Platform to Global Medical Analytics Datawarehouse - Medical Information Request Cases,,,,,,,,,,,,
9aa9a6c8-66c8-4f30-b423-ef7ef242035d,DataObject,Medical Materials,Medical Materials,"Veeva MedComms to Veeva Medical CRM - Approved Documents, Medical Materials;Veeva MedComms to Veeva Medical CRM Global - Approved Documents, Medical Materials;Veeva Medical CRM to Teams - Records Insights, Materials",,,,,,,,,,,,
9fffb8c2-d054-4eac-9f62-ca5ad2c55a43,DataObject,Medical Response Documents,Medical Response Documents,Veeva MedComms to Mediverse - Medical Response Documents,,,,,,,,,,,,
687e5280-2b7d-4f26-a1ce-581c96181053,DataObject,MES Material Type (Default: Raw Material),MES Material Type (Default: Raw Material),OPM to MES - Material Master (Item Master) (RAH);OPM to MES - Material Master (Item Master) (REN),,,,,,,,,,,,
1da00a30-19d9-4f6e-9af8-996833b03318,DataObject,Metrics,Metrics,"ODR to QlikView/QlikSense - Audit Data, Metrics, Studies, Sites, Enrollments",,,,,,,,,,,,
3e8a39e4-c029-4dc4-b17a-3a8a7b0c03fa,DataObject,MO Status,MO Status,MES to OPM - End Manufacturing Order (RAH);MES to OPM - End Manufacturing Order (REN),,,,,,,,,,,,
147767c0-df5e-4ac8-ad77-f01735d10514,DataObject,New Field for ERP Destination Inventory Organization,New Field for ERP Destination Inventory Organization,MES to OPM - Outgoing Transport (RAH);MES to OPM - Outgoing Transport (REN),,,,,,,,,,,,
2c21187d-434b-49a2-a97c-be07b35e30c8,DataObject,Non CRF Data,Non CRF Data,"Axway to Operational DataLake - Operational EDC, non-CRF Data;CRO to ODR - eTMF Document, Non CRF Data",,,,,,,,,,,,Non CRF Data / Biomarker Data;Non CRF Data / Lab Data
6e638ac7-c2f4-4b64-bcd0-e434853c7a9d,DataObject,Biomarker Data,Non CRF Data / Biomarker Data,"Axway to IQVIA - CRF, Lab, Biomarker Data",,,,,,,,,,,,
a4cd236f-b686-4ab7-b346-8472d7c88560,DataObject,Lab Data,Non CRF Data / Lab Data,"Axway to IQVIA - CRF, Lab, Biomarker Data;Central Lab to Operational Data Lake (ODL) - Lab Data;Speciality Lab to Operational Data Lake (ODL) - Lab Data;Third Party Vendor Lab Data to Axway - Lab Data",,,,,,,,,,,,
8adaa730-3f60-46de-bc2b-1a0700384046,DataObject,Non-EDC,Non-EDC,"EDC Raw data, Labs, ECG, Imaging, Genomics to J-Review",,,,,,,,,,,,
e2f72bcb-73d4-43e9-85de-b9a38bade9fa,DataObject,Non-Employee,Non-Employee,"Active Directory (External App) to Data Warehouse;Active Directory (External App) to Oracle Core HR;Beeline to Global Development - Non-employee Roster;Beeline to Global Development - Non-employee Roster form Ceredian;Beeline to Oracle EBS (Automated);Beeline to Oracle EBS (WebADI);Beeline to Research IT - Non-employee Roster;CCure (External App) to Data Warehouse;Concur to Oracle General Ledger - PCard;Data Warehouse to CCure (External App);Data Warehouse to Dival Safety Boots (External App);Data Warehouse to Hyland Onbase - S&R;Data Warehouse to IOPS Data Warehouse (External App);Data Warehouse to Qlik (External App) - HR Data;Data Warehouse to RPA (External App);Data Warehouse to RSIGuard Ergonomics (External App);Data Warehouse to Zycus iAnalyze;Hubble to Oracle eBS;INT041 TriRiga to Workday - Worker Assignment;INT102  Workday + Beeline to Compliance Wire (External App);INT108  Workday + Beeline to Concur - Profile Data;INT110  Workday + Beeline to Concur - Login Data;INT129 Workday + Beeline to SumTotal - Employee Data;INT131 Workday + Beeline to SumTotal - Users to Organizations;INT135 Workday + Beeline to SumTotal - User to Jobs;INT143  Workday + Beeline to TriRiga;INT145  Workday + Beeline to Veeva (External App) - Termination Data;INT163  Workday + Beeline to Enablon (External App);INT167  Workday + Beeline to Everbridge;INT187  Workday + Beeline to Icertis;INT236 Beeline to Workday - Non Employee Data;INT271 Data Warehouse to Beeline - Worker ID Upload;INT271 Data Warehouse to Beeline - Worker ID Upload / INT278  Worker Upload results file;INT289 Workday + Beeline to Insights RM (External App);INT320 Beeline Worker Download to Active Directory (External App);Lenel (External App) to Data Warehouse;Oracle Core HR to Peoplefluent ""Who's Who"";Oracle Finance to Data Warehouse;Oracle to Legal Hold Pro;Oracle to SumTotal - Employee;Oracle to SumTotal - Employee to Job;Oracle to SumTotal - Employee to Organization;P2000 (External App) to Data Warehouse;WD+BL to Intuition LMS (External App);Workday + Beeline to Active Directory (External App);Workday + Beeline to CCure (External App);Workday + Beeline to Ceridian EE Out to Filemaker Pro V16 RENS (External App);Workday + Beeline to Ceridian EE Out to Filemaker Pro V18 Tarrytown (External App);Workday + Beeline to Ceridian EE Out to InsightsRM (External App);Workday + Beeline to Ceridian EE Out to SailPoint (External App);Workday + Beeline to Ceridian to Active Directory (External App);Workday + Beeline to Ceridian to Ruby User Table (External App);Workday + Beeline to Dival Safety Boots Tarrytown only (External App);Workday + Beeline to Filemaker Pro Tarrytown & Ruby User Table (External App) V18;Workday + Beeline to Hyland Onbase S&R (External App);Workday + Beeline to IOPS Data Warehouse (Managed by IOPS);Workday + Beeline to RSIGuard (External App);Workday + Beeline to Safety Stratus (External App);Workday + Beeline to Sailpoint (External App);Workday + Beeline to to Ceridian EE Out to Data Warehouse (Master Data);Workday+Beeline to Intuition",,,,,,,,,,G&A IT,,
732125b4-bfe8-42d4-bb22-b3e3f98007dd,DataObject,Notifications,Notifications,,,,,,,,,,,,,Notifications / Notifications to External Vendors;Notifications / Notifications to ODR help Team
84521517-efa9-463d-92c9-f20d62173a4f,DataObject,Notifications to External Vendors,Notifications / Notifications to External Vendors,Data Vision to External Authoring Vendors - Notifications,,,,,,,,,,,,
46417604-5645-44b2-bffb-a7b0d94a5004,DataObject,Notifications to ODR help Team,Notifications / Notifications to ODR help Team,ODR to Outlook - Notifications,,,,,,,,,,,,
372ddd85-3ad6-4483-a019-abd4b3110d7c,DataObject,Oncology Data,Oncology Data,Calyx IRT to ODL - Oncology Data;Endpoint to ODL - Oncology Data,,,,,,,,,,,,
4bbe4aac-3d84-4493-b4c8-0f4d31792b9d,DataObject,Operations,Operations,OPM to MES - Master Batch Record (BOM & Routing) (RAH);OPM to MES - Master Batch Record (BOM & Routing) (REN);OPM to MES - PROCESS ORDER (Batch) (RAH);OPM to MES - PROCESS ORDER (Batch) (REN),,,,,,,,,,,,
44bac7e5-b50d-47ed-9b10-7e3db5a413c8,DataObject,OPM,OPM,,,,,,,,,,,,,
91a31795-f672-47ca-b95c-b72b105ae9e0,DataObject,Order no.,Order no.,MES to OPM - End Manufacturing Order (RAH);MES to OPM - End Manufacturing Order (REN);MES to OPM - Take-Out on Manufacturing Order (RAH);MES to OPM - Take-Out on Manufacturing Order (REN);OPM to MES - PROCESS ORDER (Batch) (RAH);OPM to MES - PROCESS ORDER (Batch) (REN),,,,,,,,,,,,
fd720302-3cce-4ebf-a1d3-0f7ff2919cdb,DataObject,Organization,Organization,"Data Warehouse to Beeline - Cost Centers;Data Warehouse to Beeline - HR Orgs;Data Warehouse to Beeline - Organizational Unit (OU);Data Warehouse to Beeline - Region;Data Warehouse to Beeline - Territory;Data Warehouse to Beeline - Work Location;Dell Boomi to Veeva CTMS - Study, Org Information;INT090  Workday to Candex - All Requisitions;INT131 Workday + Beeline to SumTotal - Users to Organizations;INT137  Workday to SumTotal - Organization Data;INT223  Workday to ServiceNow Foundation;INT294 - Out - Workday to Graebel - Candidate Data Feed - EIB;Oracle Finance to Data Warehouse;Oracle to SumTotal - Employee to Organization;Oracle to SumTotal - Organizations;Oracle to Workday - Cost Center;Workday to Beeline - HR Orgs;Workday to Beeline - Region (Sup Org);Workday to Beeline - Territory",,,,,,,,,,G&A IT,,
d0ce4679-4ad1-4341-934e-b01abc0af8ee,DataObject,Organizations,Organizations,Candidates_Qlik_INT;EDMCS to Beeline - Departments and Organizations;Insights RM to ODL - Insights,,,,,,,,,,,,
acd00c19-8927-44ab-9591-d481dada4a48,DataObject,Outcome Measures,Outcome Measures,"gREG to ODL - End Points, Outcome Measures",,,,,,,,,,,,
2ee2c116-77a7-4546-aa35-6d4bf3a2812d,DataObject,Outcomes Dataset,Outcomes Dataset,Educational Impact to PowerBI - Outcomes;Educational Impact to R/R Studio - Outcomes,,,,,,,,,,,,Outcomes Dataset / Final Outcomes;Outcomes Dataset / Interim Outcomes
df171522-4ca2-4301-990c-e1b46f677119,DataObject,Final Outcomes,Outcomes Dataset / Final Outcomes,Educational Impact to GFMS - Outcomes,,,,,,,,,,,,
fe9f7a49-1431-4753-baa6-11c6d559701c,DataObject,Interim Outcomes,Outcomes Dataset / Interim Outcomes,Educational Impact to GFMS - Outcomes,,,,,,,,,,,,
c326b14c-bef6-470d-b55c-dd980d6ef067,DataObject,Patient Reimbursement,Patient Reimbursement,"GTO Data Ingestion Forms to Qlik - Materials, Recruitment Campaign - Country & Study, Social Media - Country & Study, Home Health, Patient Reimbursement, Site Augmentation - Study & Country",,,,,,,,,,,,
124773dc-f045-46c9-a85d-9ab740323fb1,DataObject,Payables,Payables,Oracle Finance to Data Warehouse;Oracle Payables to Bank of America;Oracle Payables to JPMC - ACH;Oracle Payables to Reval,,,,,,,,,,G&A IT,,
d5005727-0bc6-4299-bde0-ba27af52ccf9,DataObject,Payment Data,Payment Data,Oracle Payables to MUFG Bank,,,,,,,,,,,MUFG Global Payment Hub,Payment Data / Check Number;Payment Data / Remittance Date
8716e323-5503-49ce-a069-35d385fbc5ca,DataObject,Check Number,Payment Data / Check Number,GFMS to Markview - Payment Data,,,,,,,,,,,,
a52a22ad-cf73-43fc-b773-2e0a7862dc68,DataObject,Remittance Date,Payment Data / Remittance Date,GFMS to Markview - Payment Data,,,,,,,,,,,,
6a723b46-ef66-4674-95e8-4f2888863a10,DataObject,Payroll,Payroll,Achievers to Oracle;AON to CorePay;Axtria (External App) to Oracle;CorePay to Bank of Ireland;INT084  Workday to Businessolver - Worker Data;INT118 Workday to Corepay - Salary Rate Delta;INT120 Workday to Corepay - Salary Rate Full;Invesco to AON;Invesco to Oracle Payroll;Oracle Compensation to Equity Edge - Taxes;Oracle Compensation to Equity Edge - Wages;Oracle EBS to Legacy PBCS - Employee;Oracle EBS to Legacy PBCS - Overtime;Oracle Payroll to ADP - Periodic Tax;Oracle Payroll to ADP - REGN ADP Lien Disbursement Extract;Oracle Payroll to Fidelity;Oracle Payroll to WageWorks;Regeneron Ireland Mercer Outbound Interface;REGN ADP Tax Monthly Interface;REGN ADP Tax Periodic Interface;REGN ADP Tax Quarterly Interface,,,,,,,,,,G&A IT,,
f790a811-9aa5-4ee7-94f4-4e6b0af982e1,DataObject,Planned Dates,Planned Dates,OPM to MES - PROCESS ORDER (Batch) (RAH);OPM to MES - PROCESS ORDER (Batch) (REN),,,,,,,,,,,,
a21e7b4c-476e-4991-aff3-01a24af1eb32,DataObject,Plans,Plans,"RWDnA to IQVIA - Plans, Insights;RWDnA to Strategic Planning Teams Site - Plans",,,,,,,,,,,,
65cae399-54ec-47fb-affc-7a089deab08c,DataObject,Positions,Positions,INT276_-_All_Open_Positions_-_RPT_QLIK_All_Open_Positions;RPT_HCM_Position_Management_IOPS_DL;RPT_RAAS_Positions_Qlik,,,,,,G&A IT,,,,G&A IT,,
7c78ba47-c8a2-4f44-b58b-2673a2ccd6c3,DataObject,Product,Product,"Argus to MDM - Product;Bioregistry (RDL) to MDM - Study;Compass to MDM - Study, Product;Targets PPM to MDM - Product;Veeva CTMS to Veeva QMOD - Product, Study;Veeva eTMF to Veeva QMOD - Product, Study;Veeva RIM to MDM - Product",,,,,,,,,,,,Product / Product;Product / Registrations
a4621850-d68f-4ada-aff8-461a35d8ffb7,DataObject,Product,Product / Product,Veeva RIM Submissions to Veeva CTMS - Product Records,,,,,,,,,,,,
4946eb04-f8a9-47c4-ae8c-4ab70a5943cf,DataObject,Registrations,Product / Registrations,"Veeva CTMS to gREG - Study, Registrations",,,,,,,,,,,,
14b6bf91-2820-4630-b985-0330d5df5c3b,DataObject,Product Version,Product Version,OPM to MES - PROCESS ORDER (Batch) (RAH);OPM to MES - PROCESS ORDER (Batch) (REN),,,,,,,,,,,,
06ea246e-0283-42f2-b12f-ddf73bd6400d,DataObject,Project,Project,,,,,,,,,,,G&A IT,Tempus Resource,
f5465f7c-84e9-45dd-afaf-a173e59b7d5e,DataObject,Project Resource,Project Resource,,,,,,,,,,,G&A IT,Tempus Resource,
ee859033-666e-4d5b-8682-98bf53503dc8,DataObject,Projections,Projections,Insights RM to ODL - Insights,,,,,,,,,,,,
679ad83e-dead-49c8-b23f-067b50b4df25,DataObject,Publications,Publications,ALR to Milvus Vector DB - Publications;iEnvision to nonGxP Medical Data Lake - Publications;Milvus Vector DB to Azure Open AI - Publications;Pubmed to ALR - Publications,,,,,,,,,,,,
b5032f9f-0e38-4ada-85e8-9b3dcd3a058b,DataObject,Purchase Orders,Purchase Orders,Email or Scanner (External App) to Kofax Markview;Oracle Finance to Data Warehouse;Oracle Procurement to Changepoint (External App);Oracle Purchasing to Oracle Business Network (External App),,,,,,,,,,G&A IT,,
2d7ce6ba-fe1d-46d4-a692-101e3a48abd7,DataObject,Purchase Requisitions,Purchase Requisitions,Oracle Finance to Data Warehouse;Oracle Procurement to Changepoint (External App);Vendor Catalogs (External App) to Oracle Procurement,,,,,,,,,,G&A IT,,
1bee74a4-68a2-4203-a1b8-068ae27f4282,DataObject,QMOD,QMOD,"Veeva QMOD to QlickView - Quality Event Management Data, QMOD, Tracker",,,,,,,,,,,Veeva - QMOD,
cf771161-1a0d-4267-9511-3e3f1d50d031,DataObject,QRACT SS,QRACT SS,"QRACT to Veeva CTMS - QRACT SS;Veeva CTMS to QRACT - Medical Monitoring Report, QRACT SS",,,,,,,,,,,,
7ad67d69-b146-4e21-b24c-b4dc7d7a6a7c,DataObject,QS status (Batch status mapping),QS status (Batch status mapping),OPM to MES - Batch Master Data (Lot Generation) (RAH);OPM to MES - Batch Master Data (Lot Generation) (REN),,,,,,,,,,,,
7c50a6e4-0ad3-4d11-a80f-3d7e66edfd04,DataObject,Quality Event Management Data,Quality Event Management Data,"Veeva QMOD to QlickView - Quality Event Management Data, QMOD, Tracker",,,,,,,,,,,Veeva - QMOD,
ffd1595c-797f-41df-b6de-7b1cf36c7314,DataObject,Quality Risk Signals,Quality Risk Signals,Rave EDC to Veeva QMOD - Quality Risk Signals,,,,,,,,,,,RAVE EDC,
19a7a638-20a2-443a-9ed0-95b60cc24326,DataObject,Quantity,Quantity,MES to OPM - Outgoing Transport (RAH);MES to OPM - Outgoing Transport (REN);MES to OPM - Permanent Inventory (RAH);MES to OPM - Permanent Inventory (REN);MES to OPM - Take-Out (On Cost Center and Scrapping) (RAH);MES to OPM - Take-Out (On Cost Center and Scrapping) (REN);MES to OPM - Take-Out on Manufacturing Order (RAH);MES to OPM - Take-Out on Manufacturing Order (REN);MES to OPM - Transport Order (RAH);MES to OPM - Transport Order (REN);OPM to MES - Incoming Transport (Intern Order or Sub Inv) (RAH);OPM to MES - Incoming Transport (Intern Order or Sub Inv) (REN);OPM to MES - PROCESS ORDER (Batch) (RAH);OPM to MES - PROCESS ORDER (Batch) (REN),,,,,,,,,,,,
6aac7ee9-dcbe-44f5-99a4-04c4aad81f5c,DataObject,Randomization,Randomization,"Calyx IRT to ODR - Screening, Randomization Data;YPrime IRT to ODR - Screening, Randomization Data",,,,,,,,,,,,
1d3b2298-fc1d-4906-8e26-85d45fc84986,DataObject,Records Insights,Records Insights,"Veeva Medical CRM to Teams - Records Insights, Materials",,,,,,,,,,,,
a381ae1d-cb34-4d5e-af9e-3706533a6dd2,DataObject,Recruiter,Recruiter,Candidates_Qlik_INT;INT090  Workday to Candex - All Requisitions;INT294 - Out - Workday to Graebel - Candidate Data Feed - EIB,,,,,,,,,,G&A IT,,
eee3fcdd-9732-40da-bf1f-d9e66ce6d540,DataObject,Recruitment Campaign - Country & Study,Recruitment Campaign - Country & Study,"GTO Data Ingestion Forms to Qlik - Materials, Recruitment Campaign - Country & Study, Social Media - Country & Study, Home Health, Patient Reimbursement, Site Augmentation - Study & Country",,,,,,,,,,,,
e627570a-3649-4a18-932c-3a9d96e2e07f,DataObject,Report,Report,Veeva Submissions to QlickView - Reports,,,,,,,,,,,,Report / Active Directory Report;Report / ERT Reports;Report / IRT Report;Report / IRT Summary Report;Report / Medical Monitoring Report;Report / Newly hired Employee Report;Report / Operational Report;Report / PPD Reports;Report / QMOD CAPA Report;Report / QMOD Report;Report / QMOD SSN Report;Report / Quarterly Signal Reports;Report / Separated Employee Report;Report / Training Non-compliance Report
0603cfe6-9f99-4e52-9533-23e01773bbeb,DataObject,Active Directory Report,Report / Active Directory Report,"Veeva QMOD to Outlook - CAPA, Active Directory Report;Veeva QMOD to Outlook - SSN, Active Directory Report",,,,,,,,,,,,
64d61b7e-ead7-4290-9910-64dd71d12414,DataObject,ERT Reports,Report / ERT Reports,,,,,,,,,,,,,
5908797c-f7f7-412b-81fd-cbc73d066b64,DataObject,IRT Report,Report / IRT Report,,,,,,,,,,,,,
31827645-132a-46ee-b89f-e3e0ebfc38d7,DataObject,IRT Summary Report,Report / IRT Summary Report,"ODR to RTS - eCoA, IRT Summary Report",,,,,,,,,,,,
4f1b1256-c6fe-4e33-bc41-07f031266afc,DataObject,Medical Monitoring Report,Report / Medical Monitoring Report,"Veeva CTMS to QRACT - Medical Monitoring Report, QRACT SS",,,,,,,,,,,,
01edf81c-e357-45e3-b3f6-19aca7576c91,DataObject,Newly hired Employee Report,Report / Newly hired Employee Report,QlikSense to Compass - Newly hired Employee Report,,,,,,,,,,,,
fedab084-0bd5-49ee-b921-fea42203f3b3,DataObject,Operational Report,Report / Operational Report,"Veeva QMOD to ODR/ODL - Operational Reports;Veeva RIM Submissions to ODR/ODL - Operational Reports;Veevavault CTMS - ODR - EDC, IVR, Monitoring Data",,,,,,,,,,,,
437ffe1a-cdcd-428b-9187-be839060dd8a,DataObject,PPD Reports,Report / PPD Reports,,,,,,,,,,,,,
8366427e-4a6a-4a24-86bc-55a975f85270,DataObject,QMOD CAPA Report,Report / QMOD CAPA Report,"Veeva QMOD to Outlook - CAPA, Active Directory Report",,,,,,,,,,,,
0c14eeb0-f16b-4895-a043-e84c365c0db0,DataObject,QMOD Report,Report / QMOD Report,Veeva QMOD to RPA CAPA Bot - QMOD Report,,,,,,,,,,,Veeva - QMOD,
0251310e-2583-477b-9f84-00f37aec4e4e,DataObject,QMOD SSN Report,Report / QMOD SSN Report,"Veeva QMOD to Outlook - SSN, Active Directory Report",,,,,,,,,,,,
97cdc861-00e1-4783-abb6-ff3899e0eb0c,DataObject,Quarterly Signal Reports,Report / Quarterly Signal Reports,Veeva RIM Registrations to CWI FAERS EVDAS Service - Quarterly Signal Reports,,,,,,,,,,,,
d35ae4f6-b9e5-47c8-928c-ce5ebb0ef03b,DataObject,Separated Employee Report,Report / Separated Employee Report,QlikSense to Compass - Separated Employee Report,,,,,,,,,,,,
a96d2a9b-d3a0-48ac-980c-5aa634b8097d,DataObject,Training Non-compliance Report,Report / Training Non-compliance Report,REGNU to QlikSense - Training Non-compliance Report;TalentHub to QlikSense - Training Non-compliance Report,,,,,,,,,,,,
9dee6b13-9efd-4bc2-a484-c8bb4bfe604d,DataObject,Report Headcount,Report Headcount,Insights RM to ODL - Insights,,,,,,,,,,,,
02344767-f3a9-44a6-a2c0-c1aed6bc96f4,DataObject,Req & PO,Req & PO,"Oracle Financials to Changepoint - Req & PO, Invoices & Accruals",,,,,,,,,,,,
03d17836-a5db-492d-b728-b9f9f3a571cd,DataObject,Requisition,Requisition,Candidates_Qlik_INT;HRDL_RPT_RAAS_Requisitions_Qlik;INT252  Workday to Textio - job requisition data,,,,,,,,,,G&A IT,,
854505ac-6303-45f6-ba21-6c7177af8a57,DataObject,Research Ideas,Research Ideas,"Panalgo to RWDnA Platform - Research Ideas;RWDnA Platform to Data Vision - Research Ideas, Document Requests",,,,,,,,,,,,
073e0c9b-80fa-436a-8d73-84d65b7718cf,DataObject,Resource Milestones,Resource Milestones,Compass to Insights RM - Resource Milestones;Insights RM to ODR - Resource Milestones,,,,,,,,,,,,
12df1db8-03eb-43c5-876b-dbcd800d70d9,DataObject,Resume,Resume,INT206  Candex to Workday - Candidate data include attachments,Career Site Replacement,,,,,,,,,G&A IT,LinkedIn Recruiter,
796259be-dece-4188-9519-21866a2e9d74,DataObject,Review Document,Review Document,PleaseReview to ODL - Review Document,,,,,,,,,,,,
ba31df4a-af1a-4712-911a-fa7ac39787a1,DataObject,Reviewed Content,Reviewed Content,PleaseReview to Veeva Submissions - Reviewed Content,,,,,,,,,,,,
a00f7e24-1e33-4f12-8bb5-31fc550e4320,DataObject,Risk Management Template,Risk Management Template,Accenture StartingPoint to Veeva RIM Registration - Risk Management Template,,,,,,,,,,,,
3478f444-7fac-4f44-9a2c-bb4529bc444a,DataObject,Roles,Roles,Insights RM to ODL - Insights,,,,,,,,,,,,
c180e459-e8b9-4f91-a00b-e5077d146e0f,DataObject,Sample Data,Sample Data,Research Data Lake (RDL) to Human Sample Request (HSR) - Sample Data,,,,,,,,,,,,
4b0491fc-f7ef-456e-9f74-b5c9214a9cf4,DataObject,Sample Information,Sample Information,Nautilus LIMS to Sample Permissions Database - Sample Management Information,,,,,,,,,,,,
8b4e5f39-70d9-4b36-b376-cf1f0d7dc82c,DataObject,SAS Datasets,SAS Datasets,Axway to Isilon - SAS Datasets;RTS to BDI - SAS Datasets,,,,,,,,,,,,SAS Datasets / CDASH Compliant Datasets;SAS Datasets / Early look datasets
f454071b-575f-4690-a3c5-55038b76d807,DataObject,CDASH Compliant Datasets,SAS Datasets / CDASH Compliant Datasets,Rave EDC to Axway - CDASH Compliant SAS Datasets,,,,,,,,,,,,
b8e49621-a27f-4de0-88f6-5bd0cb7c018f,DataObject,Early look datasets,SAS Datasets / Early look datasets,,,,,,,,,,,,,
6755bd33-350a-4009-bb1b-f20e94c561ad,DataObject,Screening,Screening,"Calyx IRT to ODR - Screening, Randomization Data;YPrime IRT to ODR - Screening, Randomization Data",,,,,,,,,,,,
66cb031e-4aa1-48a9-bf7f-d11a35486df0,DataObject,SDTM,SDTM,"Multi Edit 2008 Lite  to Veeva Vault RIM Submissions - SDTM, ADaM, TLFs;PC SAS to Veeva Vault RIM Submissions - SDTM, ADaM, TLFs;SAS Grid to Veeva Vault RIM Submissions - SDTM, ADam, TLFs",,,,,,,,,,,,
78c71316-990e-460b-afe3-3113ac2d192c,DataObject,Seat,Seat,INT041 TriRiga to Workday - Worker Assignment;INT_Workday_Vistornet;Oracle Finance to Data Warehouse,,,,,,,,,,G&A IT,,
34fcf5ed-1cad-48ae-a8b9-bfec40d39e1c,DataObject,Site,Site,"CRO to ODR - eTMF Document, Non CRF Data;CRO to Veeva CTMS - Study, Country, Site;ODR to Dataiku - Studies, Sites, Enrollments;ODR to Power BI - Studies, Sites, Enrollments;ODR to QlikView/QlikSense - Audit Data, Metrics, Studies, Sites, Enrollments;ODR to Tableau - Studies, Sites, Enrollments;ODR,ODL to Study Optimizer - Study,Site, Enrollment Data",,,,,,,,,,,,Site / Site Activation;Site / Site Enrollment;Site / Site Information;Site / Site Milestone;Site / Site Monitoring;Site / Site Number;Site / Site Plan;Site / Site Records;Site / Site Visit
f19af1ed-df1c-48cc-847f-a7ec30cf0cb6,DataObject,Site Activation,Site / Site Activation,"CRO to Veeva to Vault Track (eTMF) - Operational Study Data;RTS to ODL - IRT Summary Report, Site Activation, eCoA Data;Study Optimizer to Veeva CTMS - Enrollment, Site Activation Plans",,,,,,,,,,,,
86f384e7-18ee-46c2-89bc-9c15c8cce696,DataObject,Site Enrollment,Site / Site Enrollment,"CRO to Veeva to Vault Track (eTMF) - Operational Study Data;DQS to ODL - Study Metadata, Site Enrollment, Site Milestone, Site Information;ODL to Knowledge Management - Study Metadata, Site Enrollment, Site Milestone, Site Information, Study Milestones, Country Data, ICF;ODR,ODL to Study Optimizer - Study,Site, Enrollment Data;Study Optimizer to Veeva CTMS - Enrollment, Site Activation Plans",,,,,,,,,,,,
75e3439d-d195-4c35-9a05-6f799b1b6ddf,DataObject,Site Information,Site / Site Information,"DQS to ODL - Study Metadata, Site Enrollment, Site Milestone, Site Information;ODL to Knowledge Management - Study Metadata, Site Enrollment, Site Milestone, Site Information, Study Milestones, Country Data, ICF;VeevaVault CTMS to Site Contact Information - SCI",,,,,,,,,,,,
a6ca1880-c070-46cb-b2e7-fd2015393b4e,DataObject,Site Milestone,Site / Site Milestone,"Data Query Systems to CTMS - Study, Site, Enrollment Milestones;DQS to ODL - Study Metadata, Site Enrollment, Site Milestone, Site Information;IQVIA to Veeva CTMS - Study, Site, Enrollment Milestones;ODL to Knowledge Management - Study Metadata, Site Enrollment, Site Milestone, Site Information, Study Milestones, Country Data, ICF;Veeva CTMS (Zai China) to ODL - Site Milestone, Study Metadata, ICF;Veeva CTMS to ODL - Site Milestone, ICF",,,,,,,,,,,,
6a62b61f-21fa-4179-b9dc-4f36be0fe8b3,DataObject,Site Monitoring,Site / Site Monitoring,"Veevavault CTMS - ODR - EDC, IVR, Monitoring Data",,,,,,,,,,,ODR (CST Dashboard);Veeva - CTMS,
19ed8c7f-54a1-4e66-873c-4b7921baa6dc,DataObject,Site Number,Site / Site Number,"ASIST to ODR - Supplies Tracking, Protocol, Country, Investigator, Site Number",,,,,,,,,,,,
b46c5a17-9cec-48cc-9313-3b9f7c915a05,DataObject,Site Plan,Site / Site Plan,,,,,,,,,,,,,
7d41379a-ce9f-42b4-b0cb-b8a7386bd3ce,DataObject,Site Records,Site / Site Records,"Veeva CTMS to Veeva RIM Submissions - Study, Study Product, Site Records",,,,,,,,,,,,
81c5a9a9-d250-4389-b0bc-5c2009eb523c,DataObject,Site Visit,Site / Site Visit,CRO to Veeva to Vault Track (eTMF) - Operational Study Data,,,,,,,,,,,,
7daf4db4-4d37-4c6c-875f-4b1ec8dfcafe,DataObject,Site Augmentation - Study & Country,Site Augmentation - Study & Country,"GTO Data Ingestion Forms to Qlik - Materials, Recruitment Campaign - Country & Study, Social Media - Country & Study, Home Health, Patient Reimbursement, Site Augmentation - Study & Country",,,,,,,,,,,,
e390b963-b95f-4a72-8071-f0a289c5e64c,DataObject,Social Media - Country & Study,Social Media - Country & Study,"GTO Data Ingestion Forms to Qlik - Materials, Recruitment Campaign - Country & Study, Social Media - Country & Study, Home Health, Patient Reimbursement, Site Augmentation - Study & Country",,,,,,,,,,,,
a7e6df07-b86f-478a-bda6-45bba5ef4433,DataObject,SOE (Schedule of Events) Data,SOE (Schedule of Events) Data,Nurocor Clinical Platform (NCP) to Operational Data Lake (ODL) - Protocol and SOE Data;Operational Data Lake (ODL) to One Source Data Hub (OSDH) - Protocol and SOE Data,,,,,,,,,,,,
e95094ba-1770-440d-a33c-c4252ad6c8b9,DataObject,Source and Destination Location ( Size Enlarged),Source and Destination Location ( Size Enlarged),MES to OPM - Outgoing Transport (RAH);MES to OPM - Outgoing Transport (REN),,,,,,,,,,,,
41109c5c-dcff-477e-886c-c1028a6b2852,DataObject,SQL Queries,SQL Queries,GFMS to iZenda - SQL Queries,,,,,,,,,,,,
d4d386b0-86ba-4fd7-bdbb-9ed8172eead5,DataObject,SRD,SRD,"Veeva Vault MedComms to EverSana - SML, CML, SRD, CRD",,,,,,,,,,,,
3e4fa8d1-7373-4875-9fa0-424fdcd3ea3d,DataObject,Statistical Analysis,Statistical Analysis,GDS Big Data Initiative to SAS - Statistical Analysis;Scientific Data Lake to SAS 9.4 - Statistical Analysis,,,,,,,,,,,,
53935ddf-bdb8-4370-aa09-d215644a9671,DataObject,Study,Study,"Compass to MDM - Study, Product;Compass to ODR - Study Milestones, Study Data;Compass to Qlik;Compass to Veeva CTMS - Study;CRO to ODR - eTMF Document, Non CRF Data;CRO to Veeva CTMS - Study, Country, Site;Dataiku to ODR - Studies, Milestones, TA Ops;Dell Boomi to Veeva CTMS - Study, Org Information;Knowledge Management to Sharepoint - Study Data;ODL to MDM - Investigator, Study;ODR to Dataiku - Studies, Sites, Enrollments;ODR to Power BI - Studies, Sites, Enrollments;ODR to QlikView/QlikSense - Audit Data, Metrics, Studies, Sites, Enrollments;ODR to Tableau - Studies, Sites, Enrollments;ODR,ODL to Study Optimizer - Study,Site, Enrollment Data;Power BI to ODR - Studies, Milestones, TA Ops;Precision Medicine Server to Veeva QMOD - Study;Qlik to ODR - Studies, Milestones, TA Ops;Sharepoint to MDM - Study;Tableau to ODR - Studies, Milestones, TA Ops;Veeva CTMS to MDM - Investigator, Institution, Study;Veeva CTMS to Veeva QMOD - Product, Study;Veeva eTMF to Veeva QMOD - Product, Study",,,,,,,,,,,,Study / Activity Logs;Study / Clinical Study Reports;Study / Monthly Study Data;Study / Protocol;Study / Protocol Definition;Study / Protocol Deviation (Bot);Study / Protocol Deviation Files;Study / Study Budget (Bot);Study / Study Daily Report;Study / Study Data;Study / Study Documents;Study / Study Enrollment;Study / Study Invitees;Study / Study MetaData;Study / Study Milestones;Study / Study Number;Study / Study Product;Study / Study Responses;Study / Study Timelines;Study / Study Tracking;Study / Subject Data
a0397e8d-7f95-4c74-b679-ebec333a6eda,DataObject,Activity Logs,Study / Activity Logs,"Site Feasibility Application to Data Lake- Study Invitees, Responses & Activity Logs",,,,,,,,,,,,
59e1e7fa-578e-4d45-8b9e-df9421cfbea3,DataObject,Clinical Study Reports,Study / Clinical Study Reports,"PPD Portal to RTS - Study Reports;ProofPoint Secure Share to CTIS - Clinical Study Reports, Translation files",,,,,,,,,,,,
d54be06c-fdcf-485f-b4e3-aec7454cba3e,DataObject,Monthly Study Data,Study / Monthly Study Data,ESR SP to Compass - Monthly Study Data;ESR SP to WCG Safety Portal - Monthly Study Data,,,,,,,,,,,,
69e00160-0aa8-4c06-b0ee-5b1b51515cc1,DataObject,Protocol,Study / Protocol,"ASIST to ODR - Supplies Tracking, Protocol, Country, Investigator, Site Number;Nurocor Clinical Platform (NCP) to Operational Data Lake (ODL) - Protocol and SOE Data;Operational Data Lake (ODL) to One Source Data Hub (OSDH) - Protocol and SOE Data",,,,,,,,,,,,
c613327f-c11e-47e6-a1ac-454b4757172d,DataObject,Protocol Definition,Study / Protocol Definition,Veeva CTMS to Compass - Protocol Definition,,,,,,,,,,,,
99e10dde-f366-4b5c-88cb-3b732a99b4ed,DataObject,Protocol Deviation (Bot),Study / Protocol Deviation (Bot),"CRO to ODR - eTMF Document, Non CRF Data;DataLake to ODR - Study Number, Study Budget Data (Bot), Protocol Deviation Data (Bot)",,,,,,,,,,,,
4b1fd9ed-333a-4224-a06a-ff247f7ccaca,DataObject,Protocol Deviation Files,Study / Protocol Deviation Files,Bus Ops SharePoint to Data Lake (Phase 2) - Protocol Deviation Files,,,,,,,,,,,,
e22692a6-c9c8-43c2-8c5d-f24678cad9ff,DataObject,Study Budget (Bot),Study / Study Budget (Bot),"Bus Ops SharePoint to Data Lake Phase 1 - Study Budget and eCOA master file;DataLake to ODR - Study Number, Study Budget Data (Bot), Protocol Deviation Data (Bot)",,,,,,,,,,,,
dbf679fc-0ec0-4f3d-aea4-5ffe76369ce9,DataObject,Study Daily Report,Study / Study Daily Report,QlikSense to Sharepoint - Study Daily Report;Veeva eTMF to Outlook - Study Daily Report & 1572 information,,,,,,,,,,,,
a63454cb-6a4f-4b7e-91e3-e93ceb2572a3,DataObject,Study Data,Study / Study Data,"Operational Data Lake (ODL) to Genesis Playbook - Study Data;Operational Data Lake (ODL) to Human Sample Request (HSR) - Study Data;Veeva CTMS to Veeva RIM Submissions - Study, Study Product, Site Records",,,,,,,,,,,,
224a5891-e28c-4ab4-b07e-c6ca0f5a3c9b,DataObject,Study Documents,Study / Study Documents,Veeva eTMF to Veeva eTMF - Study Documents,,,,,,,,,,,,
1eeaa7d2-0aef-434e-9d87-46cab15e2bfc,DataObject,Study Enrollment,Study / Study Enrollment,"CRO to ODR - eTMF Document, Non CRF Data;ODR,ODL to Study Optimizer - Study,Site, Enrollment Data;Study Optimizer to Veeva CTMS - Enrollment, Site Activation Plans",,,,,,,,,,,Clinical Operational Repository (ODR),
75583bbd-f618-40a6-8e2f-c8465c4aea8b,DataObject,Study Invitees,Study / Study Invitees,"Site Feasibility Application to Data Lake- Study Invitees, Responses & Activity Logs",,,,,,,,,,,,
b0afad94-6afa-4cdf-9ef9-df097bc8eb73,DataObject,Study MetaData,Study / Study MetaData,"DQS to ODL - Study Metadata, Site Enrollment, Site Milestone, Site Information;Informa Citeline to ODL - Study Metadata;ODL to Knowledge Management - Study Metadata, Site Enrollment, Site Milestone, Site Information, Study Milestones, Country Data, ICF;Veeva CTMS (Zai China) to ODL - Site Milestone, Study Metadata, ICF;Veeva CTMS to ODL - Study Metadata",,,,,,,,,,,,
9ac290d8-f4de-4ac1-b3c9-e609d42c3df1,DataObject,Study Milestones,Study / Study Milestones,"Compass to ODL - Study Milestones;Compass to ODR - Study Milestones, Study Data;Compass to Qlik;Data Query Systems to CTMS - Study, Site, Enrollment Milestones;Dataiku to ODR - Studies, Milestones, TA Ops;IQVIA to Veeva CTMS - Study, Site, Enrollment Milestones;ODL to Knowledge Management - Study Metadata, Site Enrollment, Site Milestone, Site Information, Study Milestones, Country Data, ICF;Power BI to ODR - Studies, Milestones, TA Ops;Qlik to ODR - Studies, Milestones, TA Ops;Tableau to ODR - Studies, Milestones, TA Ops;Veeva CTMS to Compass - Protocol Definition",,,,,,,,,,,,
f43fd79d-79f0-4a31-8f4e-b17b4a95c5d7,DataObject,Study Number,Study / Study Number,"DataLake to ODR - Study Number, Study Budget Data (Bot), Protocol Deviation Data (Bot);Sharepoint GD Study Numbers to Data Warehouse",,,,,,,,,,,,
de7f6ca3-362a-42e8-a485-642b6f1582a5,DataObject,Study Product,Study / Study Product,"Veeva CTMS to Veeva RIM Submissions - Study, Study Product, Site Records",,,,,,,,,,,,
118c2c90-61ab-4df0-9efe-02aca44069b2,DataObject,Study Responses,Study / Study Responses,"Site Feasibility Application to Data Lake- Study Invitees, Responses & Activity Logs",,,,,,,,,,,,
4616dd4d-e469-46c4-9d81-dc7190601e65,DataObject,Study Timelines,Study / Study Timelines,Compass to Qlik,,,,,,,,,,,,
067940d3-3377-4a08-bf0c-3102daa3d3d4,DataObject,Study Tracking,Study / Study Tracking,ESR SP to Benevity ESR - Study Tracking,,,,,,,,,,,,
203b7455-5d5b-452e-9ee1-4258a1936250,DataObject,Subject Data,Study / Subject Data,"Calyx to Veeva eTMF - EDC Patient;CRO to ODR - eTMF Document, Non CRF Data;Global Data Lake (GDL) to Human Sample Request (HSR) - Subject Data;YPrime IRT to Veeva eTMF - Subject",,,,,,,,,,,,
9f3af51d-82a7-454e-b519-9a9bc8653f65,DataObject,Supplier,Supplier,Approved Supplier Data to Oracle;Data Warehouse to Fusion BCP;Data Warehouse to Hyland Onbase - S&R;Data Warehouse to Safety Stratus (External App) - Supplier Data for EHS;Oracle Accounts Payable to ModelN (External Application);Oracle Finance to Data Warehouse;Oracle Procurement to iCertis - Supplier Data;Oracle Procurement to OneTrust - Supplier Data;Oracle to Data Warehouse - Supplier Data;Oracle to Data Warehouse - Vendor Data;Zycus iSupplier to Oracle Purchasing,,,,,,,,,,G&A IT,,
e5d685a9-a118-4a72-90b5-ab5b59155c6f,DataObject,TA Ops,TA Ops,"Dataiku to ODR - Studies, Milestones, TA Ops;Power BI to ODR - Studies, Milestones, TA Ops;Qlik to ODR - Studies, Milestones, TA Ops;Tableau to ODR - Studies, Milestones, TA Ops",,,,,,,,,,,,
3f5c8eaf-3162-4850-9a27-983dde9dd582,DataObject,"Tables, Figures and Listings (TFLs)","Tables, Figures and Listings (TFLs)","Multi Edit 2008 Lite  to Veeva Vault RIM Submissions - SDTM, ADaM, TLFs;PC SAS to Veeva Vault RIM Submissions - SDTM, ADaM, TLFs;SAS Grid to Veeva Vault RIM Submissions - SDTM, ADam, TLFs",,,,,,,,,,,,
780bd765-06e1-4cf4-acf4-16f5391b345d,DataObject,Tax,Tax,Oracle Finance to Data Warehouse;Revenue (External App) to Corepay;Vertex to Oracle Payroll,,,,,,,,,,G&A IT,,
95ca214e-734e-4294-8020-ed6b9b58b355,DataObject,Timesheet,Timesheet,Oracle EBS to Legacy PBCS - Employee;Oracle EBS to Legacy PBCS - Overtime;Oracle Finance to Data Warehouse;OTL to Corepay,,,,,,,,,,G&A IT,,
3950d998-eda8-445b-9105-9b5d322aee94,DataObject,Timing,Timing,"Veeva RIM Submissions to Compass - Key Dates, Timing",,,,,,,,,,,,
f9981ee8-fa60-4e21-9c79-ff8a86868035,DataObject,TMF Input,TMF Input,RPA Bot to eTMF - TMF Input,,,,,,,,,,,,
10de9feb-310b-4107-8fe9-324884958a04,DataObject,Tracker,Tracker,"Veeva QMOD to QlickView - Quality Event Management Data, QMOD, Tracker",,,,,,,,,,,Veeva - QMOD,
54ab5b7f-992c-4abc-b0dd-72af031e6f15,DataObject,Train Program,Train Program,,,,,,,,,,,,,
8342db9b-96f6-496b-99e6-18c07e17e961,DataObject,Training,Training,INT632 - SumTotal ILT Calendar Update;REGNU to RTS - Training Data;RTS to ODL - Training Data,,,,,,,,,,,,
874a6688-31a9-48b2-9cd9-2e346649df6d,DataObject,Training Schedule,Training Schedule,Intuition LMS to MTM - Training Schedule,,,,,,,,,,,,
93e9e33e-abf8-435d-a938-fe210830f4e3,DataObject,Translation files,Translation files,"ProofPoint Secure Share to CTIS - Clinical Study Reports, Translation files",,,,,,,,,,,,
e40bae52-6cc0-48dc-90fa-d88457013ea0,DataObject,University,University,Oracle Payables to MedPro,,,,,,,,,,G&A IT,,
e8b304f4-4326-4981-be17-9f556a5ca74e,DataObject,User Login Data,User Login Data,Linkedin to Mediverse - User Login Data;Sermo to Mediverse - User Login Data,,,,,,,,,,,,
e2ffbb71-897e-4c6e-8eba-5b642c771ae4,DataObject,Users,Users,Beeline to Changepoint - User Data;Insights RM to ODL - Insights;Workday to Changepoint - User Data,,,,,,,,,,,,
cc7fb9d5-b591-4a0b-bb67-b6938c555efa,DataObject,Valid Lot Size,Valid Lot Size,OPM to MES - Master Batch Record (BOM & Routing) (RAH);OPM to MES - Master Batch Record (BOM & Routing) (REN),,,,,,,,,,,,
35ac999c-f5ed-4dbd-a081-d791124b0da3,DataObject,Validity Range,Validity Range,OPM to MES - Master Batch Record (BOM & Routing) (RAH);OPM to MES - Master Batch Record (BOM & Routing) (REN),,,,,,,,,,,,
853f800f-e904-45a0-b148-3160c6b0ad84,DataObject,Value Sets,Value Sets,Legacy PBCS to Oracle eBS - FIDS,,,,,,,,,,G&A IT,,
69b88b31-3541-4591-9f5a-f2f16d0df843,DataObject,Wearables Data,Wearables Data,RTS to Data Lake - Wearables,,,,,,,,,,,,
8f8055f7-39e5-4a2a-b714-bfb3e2422a8d,DataObject,Workday Configuration Objects,Workday Configuration Objects,Workday to Workday - Tenant Analysis - CS Delivery Validation;Workday to Workday - Tenant Analysis - CS_Integrations_Health_Check;Workday to Workday - Tenant Analysis - DART-Integrations;Workday to Workday - Tenant Analysis - Field Impacts Analyzer;Workday to Workday - Tenant Analysis - INT Studio Migration Helper Inbound,,,,,,G&A IT - Human Resources,,,,G&A IT,,
5bed00f6-d0b7-4f62-ac48-6dcf985a4919,DataObject,Workflow Functionalities,Workflow Functionalities,Veeva RIM Registrations to HAC - Workflow Functionalities;Veeva RIM Submissions Archive to HAC - Workflow Functionalities;Veeva RIM Submissions to HAC - Workflow Functionalities,* IOPS - Quality Systems Veeva Program / IOPS - GLO QMS/QDocs Veeva P2,,,,,,,,,,,
876b13c5-c8ad-4a44-9d9c-ea9a1777b525,DataObject,Workspaces,Workspaces,INT264  Tririga to Workday – Workspace Creation-Inbound,,,,,,,,,,G&A IT,,