id,type,name,displayName,relProjectToPlatform,relProjectToApplication,relProjectToBusinessCapability,relProjectToProcess,businessValue,relToChild,relProjectToDataObject,relProjectToInterface,relProjectToITComponent,LevelofEffort,relProjectToObjective,tags:GD IT Teams,tags:Owned By,tags:Owning Function,tags:Business Domain,tags:Main Area,tags:Type of Work,tags:Business Unit,tags:LX PS WiP,tags:Project Phase,tags:Region,tags:Other tags,relProjectToTechnicalStack,relProjectToUserGroup
ID,Type,Name,Display Name,Affected Technical Capabilities,Applications,Business Capabilities,Business Contexts,Business Value,Children,Data Objects,Interfaces,IT Components,Level of Effort,Objectives,GD IT Teams,Owned By,Owning Function,Business Domain,Main Area,Type of Work,Business Unit,LX PS WiP,Project Phase,Region,Other tags,Tech Categories,Organizations
5d235744-1718-401a-95bc-1036358d2510,Project,* IOPS - Logistics and Distribution Program,* IOPS - Logistics and Distribution Program,,,,,,* IOPS - Logistics and Distribution Program / IOPS - GLO Cloud Warehouse Management System (WH&L);* IOPS - Logistics and Distribution Program / IOPS - GLO Global Trade Compliance;* IOPS - Logistics and Distribution Program / IOPS -GLO Transportation Management (4PLs),,,,,,,,,Supply Chain - Scott,IOPS,,,,7. Execute,,,,IOPS - WH&L
cd77d4c8-dce9-4a71-95b6-9b092b72881c,Project,IOPS - GLO Cloud Warehouse Management System (WH&L),* IOPS - Logistics and Distribution Program / IOPS - GLO Cloud Warehouse Management System (WH&L),,Future State ERP;Oracle eBusiness Suite [Platform],IOPS Supply Chain Management / Warehouse Management,Pick Move Orders - Warehouse and Logistics,largeBusinessBenefit,Empty,,,Empty,High,Forward5 - Supply Assurance,,,,Supply Chain - Scott,IOPS,,,,3. Prioritize,Global,Digital Transformation;Saratoga,,IOPS - WH&L
749b3996-e0b0-4bf5-b6cb-f793069399f0,Project,IOPS - GLO Global Trade Compliance,* IOPS - Logistics and Distribution Program / IOPS - GLO Global Trade Compliance,,Future State ERP;Oracle eBusiness Suite [Platform],IOPS Supply Chain Management / Global Trade Management,,largeBusinessBenefit,Empty,,,Empty,High,Forward5 - Supply Assurance,,,,Supply Chain - Scott,IOPS,,,,3. Prioritize,Global,Digital Transformation,,IOPS - WH&L
0227f28f-0486-4873-bbdd-5c19592e7d69,Project,IOPS -GLO Transportation Management (4PLs),* IOPS - Logistics and Distribution Program / IOPS -GLO Transportation Management (4PLs),,Oracle eBusiness Suite [Platform],IOPS Supply Chain Management / Inbound / Outbound Transportation Management,,littleBusinessBenefit,,,,,High,Forward5 - Supply Assurance,,,,Supply Chain - Scott,IOPS,,,,3. Prioritize,,Digital Transformation,,IOPS - WH&L
60a5016c-89f6-4f37-a724-a463d4ea735c,Project,* IOPS - Oracle Quality Improvement Program,* IOPS - Oracle Quality Improvement Program,,,,,,,,,,,,,,,,,,,,1. Surface,,,,
8d144414-dbc7-472e-8474-6f93eceae25e,Project,* IOPS - QC Systems Program,* IOPS - QC Systems Program,,LabWare LIMS;Nautilus LIMS,,,,* IOPS - QC Systems Program / IOPS - GLO LabWare Raw Materials Rollout;* IOPS - QC Systems Program / IOPS - GLO LabWare Upgrade (v8) and Qualification;* IOPS - QC Systems Program / IOPS - GLO LW Commercial Molecule Implementation,,,,,,,,,,,,,,7. Execute,,Digital Transformation,,
a1e1340b-1814-47e3-9052-c0ddf68dca4d,Project,IOPS - GLO LabWare Raw Materials Rollout,* IOPS - QC Systems Program / IOPS - GLO LabWare Raw Materials Rollout,,Labware ELN;LabWare LIMS,IOPS Quality Control / Raw Materials Testing,,,,,,,,Forward5 - Technology Roadmap / IOPS - Implement Labware,,,,QC - Fred,IOPS,Project,,,7. Execute,Global,,,IOPS - QC
7cff6642-ac69-4280-b711-37e910c24e2b,Project,IOPS - GLO LabWare Upgrade (v8) and Qualification,* IOPS - QC Systems Program / IOPS - GLO LabWare Upgrade (v8) and Qualification,,LabWare LIMS,IOPS Quality Control,,,,,,,Low,Forward5 - Technology Roadmap / IOPS - Implement Labware,,,,QC - Fred,IOPS,Managed Work,,,7. Execute,Global,,,IOPS - QC
90891f45-6c66-4daf-8763-36df1d1b4f67,Project,IOPS - GLO LW Commercial Molecule Implementation,* IOPS - QC Systems Program / IOPS - GLO LW Commercial Molecule Implementation,,LabWare LIMS,IOPS Quality Control / In-Process and Product Release Testing,,,,,,,High,,,,,QC - Fred,IOPS,Project,,,6. Planning,,,,IOPS - QC
ccfcbb79-0328-43b3-bcbe-1b7f97e4b3ee,Project,* IOPS - Quality Systems Veeva Program,* IOPS - Quality Systems Veeva Program,,IOPS Veeva Vault QMS;QUMAS EQMS (Process Compliance),,,,* IOPS - Quality Systems Veeva Program / IOPS - GLO DocC Application Decommissioning;* IOPS - Quality Systems Veeva Program / IOPS - GLO Process Compliance Upgrade;* IOPS - Quality Systems Veeva Program / IOPS - GLO QMS/EDMS P1: Veeva EM / EM QA;* IOPS - Quality Systems Veeva Program / IOPS - GLO QMS/EDMS P3: Veeva QMS;* IOPS - Quality Systems Veeva Program / IOPS - GLO QMS/QDocs Veeva P2,,,,,,,,,QA - Rajesh,IOPS,,,,7. Execute,Global,Digital Transformation,,IOPS - QA
c60d6265-0ae8-48d2-8d40-29f05ee28190,Project,IOPS - GLO DocC Application Decommissioning,* IOPS - Quality Systems Veeva Program / IOPS - GLO DocC Application Decommissioning,,QUMAS EDMS (DocCompliance),IOPS Quality Assurance / Document Control,,,,,,,,IOPS - Keep Existing Systems Operational (Lifecycle Upgrades),,,,QA - Rajesh,IOPS,Managed Work,,,2. Shape,Global,,,IOPS - QA
5bcb08ff-af2c-4334-9431-508b014a0dd9,Project,IOPS - GLO Process Compliance Upgrade,* IOPS - Quality Systems Veeva Program / IOPS - GLO Process Compliance Upgrade,,QUMAS EQMS (Process Compliance),IOPS Quality Assurance / Change Control;IOPS Quality Assurance / Deviation Management,,,,,,,High,IOPS - Keep Existing Systems Operational (Lifecycle Upgrades),,,,QA - Rajesh,IOPS,Project,,,7. Execute,Global,,,IOPS - QA
9c03507f-5d3f-4e2c-b983-6366ebab94ca,Project,IOPS - GLO QMS/EDMS P1: Veeva EM / EM QA,* IOPS - Quality Systems Veeva Program / IOPS - GLO QMS/EDMS P1: Veeva EM / EM QA,,,,Add a new supplier to Approved Supplier List (ASL),,,,,,Low,,,,,QA - Rajesh,IOPS,Managed Work,,,7. Execute,,,,IOPS - QA
1b5fe11a-d234-488b-89ba-1de9af2321d4,Project,IOPS - GLO QMS/EDMS P3: Veeva QMS,* IOPS - Quality Systems Veeva Program / IOPS - GLO QMS/EDMS P3: Veeva QMS,,QUMAS EDMS (DocCompliance);QUMAS EQMS (Process Compliance),IOPS Quality Assurance / Complaints Management;IOPS Quality Assurance / Deviation Management;IOPS Quality Control / Test & Result Management,,significantBusinessBenefit,,,,,High,,,,,QA - Rajesh,IOPS,Project,,,6. Planning,Global,,,IOPS - QA
c2801af0-b609-43b0-94b5-f0d836568a4c,Project,IOPS - GLO QMS/QDocs Veeva P2,* IOPS - Quality Systems Veeva Program / IOPS - GLO QMS/QDocs Veeva P2,DATA & ANALYTICS / Master Data Management,QUMAS EDMS (DocCompliance);QUMAS EQMS (Process Compliance),IOPS Quality Assurance / Change Control;IOPS Quality Assurance / Document Control;IOPS Quality Assurance / Validation,"Add a new supplier to Approved Supplier List (ASL);Course Development;FileMaker Pro - Archival, Lab Notebooks, Forms Issuance, Doc Search;FileMaker Pro - Archival, Lab Notebooks, Forms Issuance, Doc Search / FileMaker Pro IOPS - Performance Copy Issuance",significantBusinessBenefit,,Document;Document / Approved Documents;Document / Labels;Document Requests;Workflow Functionalities,Boomi to Icertis User Profile Feed,,High,Forward5 - Right to Operate,,,,QA - Rajesh,IOPS,Project,,,7. Execute,Global,,Enterprise Content Management (ECM) / Document and Records Management,0710 - Large Scale Mfg Support;0780 - Mid Scale Mfg Support;IOPS - IT / IOPS - IT - Project Management Office;IOPS - QA;IOPS IT Architecture
a8aecd29-4539-4414-b61e-44177034b07f,Project,2Seventy GD-IT: RA Systems Transition,2Seventy GD-IT: RA Systems Transition,,,,,,,,,,,,,,,,,,RA,,,,,,
21236fdd-a140-4f2f-aebe-62be7bb708b5,Project,"2Seventy-GD IT: Clinical, Quality, GPS, Reg Affairs","2Seventy-GD IT: Clinical, Quality, GPS, Reg Affairs",,,,,,,,,,,,,,,,,,ECD;GPS;Quality;RA,,,,,,
f523d2cd-ef36-4c71-8680-d9d25dc241cc,Project,Appian Cloud Migration,Appian Cloud Migration,,Additional Risk Minimization Measures;Head Count Tracker;Health Authority Correspondence;Informed Consent Form (ICF) Management;Knowledge Management;Operations Management System (OMS);Site Contact Information,,,,,,,,,,,,,,,,DO&PM,,,,,,
be7d68e1-b2b8-4fb5-80f8-0e4d754943ea,Project,Bioanalytical Assay Provider Database (bAPD),Bioanalytical Assay Provider Database (bAPD),,,,,,,,,,,,,,,,,,ECD,,,,,,
15e58940-0697-47a1-ab57-652ec77edfca,Project,Broadspire Replacement,Broadspire Replacement,,Broadspire;Sedgwick,Benefits Management,,largeBusinessBenefit,,,,,,,,,,,G&A IT - Human Resources,,,,,,G&A IT,,Human Resources / Total Rewards
75a2c192-8ab1-43aa-b34d-cd25c5ca4454,Project,Build Data and Technology Foundation for Portfolio Management,Build Data and Technology Foundation for Portfolio Management,,,,,,,,,,,,,,,,,,DO&PM,,,,,,
b06258ab-8ca5-410f-a72d-06896e0d8610,Project,Career Site Replacement,Career Site Replacement,,Avature;Beamery Talent CRM;DirectEmployers;External Application;Glassdoor;HireEZ (Hiretual);Indeed;LinkedIn Recruiter;Phenom;REGN Career Site;Sparc-Amplify;Workday [Platform],Talent Acquisition;Talent Acquisition / Recruiting,Hire to Retire,,,Candidate;Employee;Job Posting or Job Requisition;Resume,Beamery Career Site to External Job Boards;Beamery Career Site to LinkedIn Recruiter;HireEZ to Beamery CRM;Indeed to Glassdoor;INT032  Workday to Avature - Job Requistion Data;INT085  Avature to Workday - Candidate Information (PUT CANDIDATE);INT107 Workday to Phenom;INT265  Workday to Avature - Candidate Status;INT290 – Out - Workday to Beamery – CRM-API-Design;INT291 - Out - Workday to Beamery-Career Site -RAAS;Phenom to Athlete (External App);Phenom to BioNJ (External App);Phenom to Biospace (External App);Phenom to DirectEmployers;Phenom to Indeed;Phenom to Indeed for Sponsored Jobs (External App);Phenom to LinkedIn;Sparc to Beamery Career Site,Alphabet / Google Analytics SaaS Hosting;Beamery Chrome Extension;Microsoft Bookings with Me;Okta SSO;OneTrust Cookie Consent SaaS Hosting;Sender Authentication;Workday RaaS,,,,,,,G&A IT,Project,,,,,G&A IT,,0623 - Talent Acquisition;G&A IT / HR;G&A IT / Integration;Human Resources / Talent Acquisition
0f23743e-5adb-4723-9b7e-bcd388bf2756,Project,CDSL Forecasting Lite Solution - Discovery Phase,CDSL Forecasting Lite Solution - Discovery Phase,,N-Side,,,,,,,,,,,,,,,,DO&PM,,,,,,
24659270-15e2-46ad-a27c-9a0f4b2523e3,Project,Certara DX and CDM Pilot,Certara DX and CDM Pilot,,,,,,,,,,,,,,,,,,BDM,,,,,,
2dc62cdb-4a25-44aa-ba15-66f889f37b97,Project,CES Implementation,CES Implementation,,,,,,,,,,,,,,,,,,DO&PM,,,,,,
0ec553e6-9a5b-425f-b87a-40e9205a2b7a,Project,Clinical Data Enablement DevOps,Clinical Data Enablement DevOps,,,,,,,,,,,,,,,,,,BDM,,,,,,
a5546ead-66fb-43cb-8838-52a4227f475e,Project,CST Enablement DevOps,CST Enablement DevOps,,,,,,,,,,,,,,,,,,ECD,,,,,,
be1f8f11-cdc0-4ec5-98b3-f57936b2d638,Project,CTMS Program,CTMS Program,,Veeva - CTMS,,,,,,,,,,,,,,,,DO&PM,,,,,,
f42e41f2-9fb2-4271-9e60-549db27e1973,Project,Cvent-Congress Planning tool,Cvent-Congress Planning tool,,,,,,,,,,,,,,,,,,MA,,,,,,
efee13d8-747d-490f-bfff-8aac900d18d5,Project,Data Science Environment for Business Analytics Program,Data Science Environment for Business Analytics Program,,,,,,,,,,,,,,,,,,BDM,,,,,,
63582566-16f6-427a-8800-d2dc22ec795a,Project,Decibel Integration Impact Analysis,Decibel Integration Impact Analysis,,,,,,,,INT320 Beeline Worker Download to Active Directory (External App);Workday + Beeline to Active Directory (External App),,,,,,,,G&A IT - Human Resources,,,,,,G&A IT,,
e593b6ca-28e4-4363-8321-8b772765f208,Project,EFMS Upgrades,EFMS Upgrades,,,,,,,,,,,,,,,,,,MA,,,,,,
aaf2527d-74a6-43cd-8e91-4ffe3dc24ac7,Project,EmployeeReferral,EmployeeReferral,,EmployeeReferrals.com,,,,,,,,,,,,,,G&A IT - Human Resources,,,,,,G&A IT,,
93321bcd-9eef-4555-9dbc-7648345c4c59,Project,eSource to EDC,eSource to EDC,,,,,,,,,,,,,,,,,,BDM,,,,,,
5ff80f0b-4418-4973-b2fe-3e20adfbbeaa,Project,Externally Sponsored Research & Managed Access Program,Externally Sponsored Research & Managed Access Program,,,,,,,,,,,,,,,,,,MA,,,,,,
930f12e8-b299-452d-a649-763b9951c4f5,Project,Flywheel Imaging Platform Pilot,Flywheel Imaging Platform Pilot,,,,,,,,,,,,,,,,,,ECD,,,,,,
9d411940-4529-463e-88af-b941e0026768,Project,FSMDR - Lab and Data Integration,FSMDR - Lab and Data Integration,,,,,,,,,,,,,,,,,,ECD,,,,,,
cc18cfe2-5f00-4202-9bd5-ba77f3696c3f,Project,FSMDR - Protocol Authoring/SOE Digitization Pilot,FSMDR - Protocol Authoring/SOE Digitization Pilot,,,,,,,,,,,,,,,,,,ECD,,,,,,
cab8cec9-b6c5-40ab-b4e8-f7fbd67fed45,Project,FSMDR - Site Sample Tracking Technology Pilot,FSMDR - Site Sample Tracking Technology Pilot,,,,,,,,,,,,,,,,,,ECD,,,,,,
709dba91-260d-4be3-a369-f26384005b4e,Project,FSMDR Program,FSMDR Program,,,,,,,,,,,,,,,,,,ECD,,,,,,
27028ac8-ac70-444e-95dd-94386f336634,Project,GA-ERP-Markview/Kofax product Upgrades (EOL Lifecycle) (2024) (MH),GA-ERP-Markview/Kofax product Upgrades (EOL Lifecycle) (2024) (MH),,Markview 10.1,,Procure to Pay,,,,,Tungsten Automation Capture 11.0.x;Tungsten Automation Transformation Modules 6.3.x,,,,,,,,,,,,,,,
1c7df3d7-9d32-4a78-a8c2-bd759f870801,Project,Genesis: Site Feasibility and Selection,Genesis: Site Feasibility and Selection,,Knowledge Management,,,,,,,,,,,,,,,,DO&PM,,,,,,
c0b60c34-ad20-4d81-8de2-aac3182298a8,Project,Genesis: Site Feasibility and Selection Program,Genesis: Site Feasibility and Selection Program,,,,,,,,,,,,,,,,,,DO&PM,,,,,,
0f043b80-1025-4bc1-98ef-13d8f81e23cd,Project,Global Benefit Providers,Global Benefit Providers,,Graebel globalCONNECT;Journey Live;Maven Clinic Platform;Weichert;Workday [Platform],Benefits Management / Relocation;Benefits Management / Wellness;Benefits Management / Wellness / Family Planning,,,,,INT284 Workday to Journey Live - Worker Data;INT292 - Out - Workday to Maven - Employee Family Benefits Data Feed - EIB,,,,,,,,G&A IT - Human Resources,,,,,,G&A IT,,Human Resources;Human Resources / Total Rewards
7b7fcb04-147d-453f-a016-8df5a3029863,Project,Global Equity Tracker,Global Equity Tracker,,Equity Edge (E*TRADE);Global Equity Tracker;Oracle eBusiness Suite [Platform];Workday [Platform],Tax,,,,,Equity Edge to Global Equity Tracker;Workday to Global Equity Tracker,,,,,,,,G&A IT - Financial Services,,,,,,G&A IT,,Financial Services / Tax
10347190-4334-42ac-9ca0-a16ccc73d6a3,Project,GMA Medical Education Team Internal Site,GMA Medical Education Team Internal Site,,,,,,,,,,,,,,,,,,MA,,,,,,
8e980a1c-a851-45c7-a70d-5410eaa5a173,Project,GPS:AE PC LMS Program,GPS:AE PC LMS Program,,,,,,,,,,,,,,,,,,GPS,,,,,,
1585097f-94a5-4149-8ddc-9f65500cf01b,Project,GPS:Argus J Implementation,GPS:Argus J Implementation,,,,,,,,,,,,,,,,,,GPS,,,,,,
a5eb461f-dcd6-4452-a1c7-37e287fd1000,Project,GPS:Argus Veeva Site Connect IAL Integration,GPS:Argus Veeva Site Connect IAL Integration,,,,,,,,,,,,,,,,,,GPS,,,,,,
deb2c36c-af22-4bf6-87b1-9f4c2c8465cd,Project,GPS:PEPI non-GxP Analytics (Panoply),GPS:PEPI non-GxP Analytics (Panoply),,,,,,,,,,,,,,,,,,GPS,,,,,,
bc586d0c-df15-4f9f-b8f7-9f875b7228c6,Project,GPS:Safety System Platform 2023,GPS:Safety System Platform 2023,,,,,,,,,,,,,,,,,,GPS,,,,,,
b3310e34-9025-4053-aa6f-a67fa8a574b1,Project,GPS:SSP Decommission,GPS:SSP Decommission,,,,,,,,,,,,,,,,,,GPS,,,,,,
9e30e876-aab0-48e8-a2db-d11b681ade89,Project,HR Chatbot,HR Chatbot,,,,,,,,,,,,,,,,G&A IT - Human Resources,,,,,,G&A IT,,
e2395642-6f03-457b-8987-69858d2d5dca,Project,HR Data Lake Part 2: Prism,HR Data Lake Part 2: Prism,,,,,,,,,,,,,,,,G&A IT - Human Resources,,,,,,G&A IT,,
42ae88d9-944d-44e2-8452-5ea404fd50ad,Project,HR Data Lake Re-architecture Part 1,HR Data Lake Re-architecture Part 1,,Beeline;Oracle eBusiness Suite [Platform];Qlik (Qlikview & QlikSense);Workday [Platform],,,,,,Data Warehouse to Qlik (External App) - HR Data,,,,,,,,G&A IT - Human Resources,,,,,,G&A IT,,
811af33d-86c1-40ec-92fe-346cbc8c1435,Project,IA (AI) - CDA searchability in icertis,IA (AI) - CDA searchability in icertis,,,,,,,,,,,,,,,,,,DO&PM,,,,,,
256056ba-51c3-4c9a-901d-3cd23d35e152,Project,IA (AI) - SOP Assistant,IA (AI) - SOP Assistant,,,,,,,,,,,,,,,,,,DO&PM,,,,,,
cc8f722d-36cb-441f-8507-d54b6bb2e855,Project,IA (AI) – Automated Literature Review Digital Health Technology,IA (AI) – Automated Literature Review Digital Health Technology,,,,,,,,,,,,,,,,,,DO&PM,,,,,,
a14a8ca5-19e8-4da7-9cd5-7aa436adab8e,Project,IA (BPM) - HSR Human Sample Request,IA (BPM) - HSR Human Sample Request,,,,,,,,,,,,,,,,,,ECD,,,,,,
f33dc221-1c37-43dc-9b11-414bd95c3e6b,Project,IA - (AI) Assisted Systematic Literature Review,IA - (AI) Assisted Systematic Literature Review,,,,,,,,,,,,,,,,,,MA,,,,,,
b1faa9ed-d498-40cf-9c8a-3764e4a749f4,Project,Icertis One Touch CDA,Icertis One Touch CDA,,Icertis,,,,,,,,,,,,,,Law,,,,,,,,
cc74d9f2-043a-443f-b691-fe16f4d2442c,Project,Icertis WhatFix Implementation,Icertis WhatFix Implementation,,Icertis;WhatFix,Enable Business Transactions / Manage Contracts / Review & Draft Contracts,,,,,,,,,,,,,Law,,,,,,,,
d37d9939-d4a8-41e0-ad9c-2eace7cc7428,Project,iEnvision Sharepoint Migration,iEnvision Sharepoint Migration,,,,,,,,,,,,,,,,,,MA,,,,,,
21659d9a-e459-4b83-af56-13df3977cf53,Project,Image Data Management and Analytics Program,Image Data Management and Analytics Program,,,,,,,,,,,,,,,,,,ECD,,,,,,
0d08b264-0fe5-4938-aa31-c5d2a2f4af3c,Project,Implement Compa Offers,Implement Compa Offers,,Compa Offers;Workday [Platform],Compensation Management,,,,,Workday to Compa Offers - Job Data;Workday to Compa Offers - Offer Data,,,,,,,,G&A IT - Human Resources,,,,,,G&A IT,,Human Resources / Compensation
4d723206-b732-465f-8d9d-3eb6534f67c7,Project,Interview Scheduling,Interview Scheduling,Interview Scheduling,Paradox;Rooster;Workday [Platform],Talent Acquisition,,,,,,,,Talent Initiatives,,,,,G&A IT - Human Resources,,,,,,G&A IT,,Human Resources / Talent Acquisition
43df43fb-a50a-4ee0-930a-f52baf29cddc,Project,IOPS - GLO AEL Hold Pause Feature,IOPS - GLO AEL Hold Pause Feature,,,IOPS Quality Assurance / Batch Disposition Management,,,,,,,,,,,,QA - Rajesh,IOPS,,,,,,,,
bc6c42e8-d199-4553-82ea-4727473fae4b,Project,IOPS - GLO APS P2: Demand/Constrained Supply Plan & SIOP,IOPS - GLO APS P2: Demand/Constrained Supply Plan & SIOP,,A Squared (A2);Dash;Kinaxis Maestro Advanced Planning System (APS);Oracle eBusiness Suite [Platform] / Oracle OPM and Mobile Applications;Work Management Tool (WMT),IOPS Enterprise Support / Master Data Management;IOPS Product Manufacturing / Finite Scheduling;IOPS Supply Chain Management / Capacity Planning;IOPS Supply Chain Management / Demand Planning;IOPS Supply Chain Management / Sales Inventory and Operations Planning (SIOP);IOPS Supply Chain Management / Supply Planning,Create a requisition - Raw Material Planning;Create and Complete a Batch in OPM - External Manufacturing;Create Internal Large Scale MFG Plans;Create Internal Mid Scale MFG Plans;Negotiate Capacity Contract Agreements - DP Planning and Scheduling;Pack and Label Lead Time RR - Supply Planning;Plan open capacity at CMOs - DP Planning and Scheduling,significantBusinessBenefit,Empty,,APS to mYSupply / APS to mYSupply - Horizontal Plan;APS to mYSupply / APS to mYSupply - Item Attributes,Empty,High,Forward5 - Supply Assurance,,,,Supply Chain - Scott,IOPS,Project,,,Completed,Global,,,IOPS - Supply Chain
a3fd7458-f153-4683-8d66-9b85a011ce18,Project,IOPS - GLO Augmentir Upgrade,IOPS - GLO Augmentir Upgrade,,,IOPS Quality Assurance / Technical Training (Learning Management),,,,,,,,,,,,Tech Ops - Tik,IOPS,,,,,,,,
d19c3bd1-20f9-4ee8-825d-744f175d82b9,Project,IOPS - GLO Biovia OneLab ELN,IOPS - GLO Biovia OneLab ELN,,Biovia OneLab ELN,IOPS Quality Control / Lab Notebook Mgmt,,largeBusinessBenefit,,,,,High,,,,,Process Sciences - Jim,IOPS,Project,,,7. Execute,Global,,,IOPS - Process Sciences
eb162abe-294d-4a3a-b0cd-5c41ef5d2d67,Project,IOPS - GLO Biovia OneLab ELN Phase 2,IOPS - GLO Biovia OneLab ELN Phase 2,,Biovia OneLab ELN,IOPS Quality Control / Lab Notebook Mgmt,,largeBusinessBenefit,,,,,Medium,Forward5 - Technology Roadmap,,,,Process Sciences - Jim,IOPS,Project,,,6. Planning,Global,,,IOPS - Process Sciences
08aecf98-1793-47a4-8664-1652204dbddc,Project,IOPS - GLO BMRAM R3 Cloud Migration,IOPS - GLO BMRAM R3 Cloud Migration,,Blue Mountain Regulatory Asset Manager (BMRAM),IOPS Plant Management / Plant Maintenance,,,,,,,,,,,,Tech Ops - Tik,IOPS,LCM,,,,Global,,,
45cb5acf-c999-4df2-8a52-5a0f81a3182a,Project,IOPS - GLO Box Implementation,IOPS - GLO Box Implementation,,,IOPS Enterprise Support / Collaboration,,,,,,,,,,,,QA - Rajesh,IOPS,,,,6. Planning,,,,
33c718c7-3c1d-45f7-a9ca-c12c8cb079f8,Project,IOPS - GLO Business to Business (B2B) Strategy,IOPS - GLO Business to Business (B2B) Strategy,,,IOPS Supply Chain Management / B2B Collaboration,,,,,,,,,,,,Supply Chain - Scott,IOPS,,,,2. Shape,,,,
007ff499-5ddb-443a-8ef5-10cc15fa46f0,Project,IOPS - GLO CI System Replatform,IOPS - GLO CI System Replatform,,,,,,,,,,,,,,,,IOPS,,,,,Global,,,
18852879-cf4c-42fa-9f04-78156a520958,Project,IOPS - GLO Consistent IP Addresses for Portable Devices,IOPS - GLO Consistent IP Addresses for Portable Devices,,,,,,,,,,,,,,,Tech Ops - Tik,IOPS,,,,,,,,
67bad870-3220-48bf-9228-9eaf13f111b5,Project,IOPS - GLO Control Systems Centralized Audit Trail,IOPS - GLO Control Systems Centralized Audit Trail,,,IOPS Product Manufacturing / Batch Management;IOPS Quality Assurance / Validation,,,,,,,,,,,,Tech Ops - Tik,IOPS,,,,,,,,
2689bc1f-22fa-408b-ba52-7020cb79860f,Project,IOPS - GLO Control Tower,IOPS - GLO Control Tower,,,IOPS Supply Chain Management,,,,,,,,Forward5 - Supply Assurance,,,,Supply Chain - Scott,IOPS,,,,3. Prioritize,,,,
8759024e-29ad-4940-9451-388d415b2d3e,Project,IOPS - GLO Cority Ergonomics System,IOPS - GLO Cority Ergonomics System,,,IOPS Plant Management / Environmental Health and Safety (EHS),,,,,,,,,,,,Tech Ops - Tik,IOPS,,,,,,,,
0778854d-1be1-46e3-8fad-b019d66b3913,Project,IOPS - GLO CSA/SDLC Tool,IOPS - GLO CSA/SDLC Tool,,,IOPS Enterprise Support / Application Management,,,,,,,,,,,,QA - Rajesh,IOPS,,,,,,,,
2cacc84d-8d1a-4127-8e4e-50840efe8ace,Project,IOPS - GLO Data Lake Qualification,IOPS - GLO Data Lake Qualification,,,IOPS Enterprise Support / Data Modeling,,,,,,,,,,,,,,,,,,,,,
e51b51f2-918e-4ec6-af39-8855ef59f797,Project,IOPS - GLO Digital Guardian Implementation,IOPS - GLO Digital Guardian Implementation,,,IOPS Quality Control / Lab Data Capture & Mgmt,,,,,,,,,,,,QC - Fred,IOPS,,,,,,,,
722f0434-db17-42d1-b8dd-92ec63380780,Project,IOPS - GLO Digital Signage Implementation (CAPA),IOPS - GLO Digital Signage Implementation (CAPA),,OpsTrakker,IOPS Quality Assurance / Document Control,,,,,,,,Forward5 - Right to Operate,,,,QA - Rajesh,IOPS,,,,6. Planning,,,,IOPS - QA
3f43381b-0260-402e-b946-95de95bb08f3,Project,IOPS - GLO Discoverant 2023 w/Appstream Migration,IOPS - GLO Discoverant 2023 w/Appstream Migration,,,,,,,,,,,,,,,,,,,,1. Surface,,,,IOPS - Process Sciences
8e41e2c0-12e3-4ae8-934f-0065b5fc52e4,Project,IOPS - GLO Discoverant Upgrade,IOPS - GLO Discoverant Upgrade,,Discoverant Raheen;Discoverant Rensselaer,IOPS Product Development / Process Monitoring,,,,,,,,,,,,Process Sciences - Jim,IOPS,LCM,,,5. Demand Review,,,,IOPS - Process Sciences
1205d6a4-b71e-4024-842b-0c74510d44a2,Project,IOPS - GLO Drawing Management System,IOPS - GLO Drawing Management System,,,IOPS Plant Management / Drawing Management,,marginalBusinessBenefit,,,,,,,,,,Tech Ops - Tik,IOPS,Project,,,2. Shape,Global,,,IOPS - QA
34a43518-8bc2-4f4a-a945-9a4742fd9a51,Project,IOPS - GLO E-validation System ValGenesis P2 (CSV),IOPS - GLO E-validation System ValGenesis P2 (CSV),,ValGenesis,IOPS Quality Assurance / Validation,,,,,,,Medium,,,,,QA - Rajesh,IOPS,Project,,,7. Execute,Global,,,IOPS - QA
40c46d79-7c2a-4c2d-90c4-494d7a1a8a2d,Project,IOPS - GLO EAMS Upgrade (Maximo),IOPS - GLO EAMS Upgrade (Maximo),,Blue Mountain Regulatory Asset Manager (BMRAM);Future State EAMS,IOPS Plant Management / Asset Accounting;IOPS Plant Management / Asset Location Tracking;IOPS Plant Management / Asset Management;IOPS Plant Management / Asset Performance;IOPS Plant Management / Calibration Management;IOPS Plant Management / Equipment Management;IOPS Plant Management / Inventory and Spare Parts Management;IOPS Plant Management / Plant Maintenance;IOPS Plant Management / Preventive Maintenance Scheduling;IOPS Plant Management / Work Order Management,,largeBusinessBenefit,Empty,,,,,Forward5 - Facility Modernization,,,,Tech Ops - Tik,IOPS,Project,,,2. Shape,Global,Digital Transformation,,0602 - Accounting;IOPS - Facilities
f08cb45c-3925-4e73-999a-828c196ea43a,Project,IOPS - GLO eForms (CAPA),IOPS - GLO eForms (CAPA),,OpsTrakker,IOPS Quality Assurance / Document Control,,,,,,,,,,,,QA - Rajesh,IOPS,,,,7. Execute,,Digital Transformation,,IOPS - QA
790a618c-860a-4879-acb0-42ebed082823,Project,IOPS - GLO eLearning Content Management System,IOPS - GLO eLearning Content Management System,,REGNU,IOPS Quality Assurance / Technical Training (Learning Management),,,,,,,,,,,,Tech Ops - Tik,IOPS,,,,,Global,,,IOPS - Tech Training
ec8566b6-5a80-4403-bf5e-a3948e83d02f,Project,IOPS - GLO Electronic Logbook Implementation Phase I,IOPS - GLO Electronic Logbook Implementation Phase I,,,IOPS Quality Assurance / Document Control,,,,,,,,,,,,QA - Rajesh,IOPS,,,,3. Prioritize,,,,
0a951a00-c123-4714-8f9a-45cf76c8f0fd,Project,IOPS - GLO Empower 3.8 LACe Cutover,IOPS - GLO Empower 3.8 LACe Cutover,,,IOPS Quality Control / Lab Chromatography,,,,,,,,,,,,QC - Fred,IOPS,,,,4. Roadmap (Approved),,,,
00945654-41bf-473c-aae6-2bac7e1711ee,Project,IOPS - GLO Empower 3.8 Upgrade,IOPS - GLO Empower 3.8 Upgrade,,Empower 3 FR4,IOPS Quality Control / Lab Chromatography,,littleBusinessBenefit,,,,,High,IOPS - Keep Existing Systems Operational (Lifecycle Upgrades),,,,QC - Fred,IOPS,Project,,,7. Execute,Global,,,IOPS - QC
4588894c-a303-40fe-8689-d1d6a5210cf8,Project,IOPS - GLO Enablon Platform Enhancements,IOPS - GLO Enablon Platform Enhancements,,,IOPS Plant Management / Environmental Health and Safety (EHS),,,,,,,,,,,,Tech Ops - Tik,IOPS,,,,,,,,
1026f059-d20b-4d50-8b10-a3a361b262d7,Project,IOPS - GLO Enhanced Controls for the Requisition of GxP Services (CAPA23-1680),IOPS - GLO Enhanced Controls for the Requisition of GxP Services (CAPA23-1680),,,IOPS Enterprise Support / Global Procurement,Add a new supplier to Approved Supplier List (ASL),significantBusinessBenefit,,,,,Medium,,,,,QA - Rajesh,IOPS,Project,,,6. Planning,,,,IOPS - QA
dfe2dd17-1950-4cfc-83da-2a1342903af9,Project,IOPS - GLO Enterprise Integration Platform,IOPS - GLO Enterprise Integration Platform,,,IOPS Enterprise Support / Application Management,,,,,,,,,,,,Business Ops - Dave,IOPS,,,,,,,,
07409b15-6f3a-4ade-9149-7e1bb079b1ff,Project,IOPS - GLO ERP Capability to the Cloud,IOPS - GLO ERP Capability to the Cloud,,Future State ERP;Oracle eBusiness Suite [Platform];Oracle eBusiness Suite [Platform] / Oracle OPM and Mobile Applications;Oracle eBusiness Suite [Platform] / Oracle Order Management and Shipping,IOPS Product Manufacturing / Regulatory Jurisdiction Planning;IOPS Supply Chain Management / Inbound / Outbound Transportation Management;IOPS Supply Chain Management / Order Management;IOPS Supply Chain Management / Product Lifecycle Management,,significantBusinessBenefit,,,,,High,Forward5 - Technology Roadmap,,,,Supply Chain - Scott,IOPS,Project,,,3. Prioritize,Global,Digital Transformation,,IOPS - Supply Chain
9432ffcf-54ed-4a0f-a86c-019b0166d34b,Project,IOPS - GLO Fire Extinguishers Monitoring,IOPS - GLO Fire Extinguishers Monitoring,,,IOPS Plant Management / Environmental Health and Safety (EHS),,,,,,,,,,,,Tech Ops - Tik,IOPS,,,,,,,,
8bf3cef2-5811-4c32-93f3-0dfe08c9667d,Project,IOPS - GLO Global Vision Verify Clinical Label Review,IOPS - GLO Global Vision Verify Clinical Label Review,,,,,,,,,,,,,,,,,,,,,,,,
e04d973f-f358-4d29-bd0c-dc5f1d60097e,Project,IOPS - GLO IPEM / Endotoxin Validated Report,IOPS - GLO IPEM / Endotoxin Validated Report,,,IOPS Quality Control / In-Process and Product Release Testing,,,,,,,,,,,,QC - Fred,IOPS,,,,,,,,
e0f12c62-dfdf-4ddd-baf1-3fdb94e1f196,Project,IOPS - GLO Key Management,IOPS - GLO Key Management,,,IOPS Plant Management / Key Management,,,,,,,,,,,,Tech Ops - Tik,IOPS,,,,,Global,,,
0bf164f5-1af6-4fa7-b411-062dfcae3c45,Project,IOPS - GLO Lab Bus,IOPS - GLO Lab Bus,,,IOPS Quality Control / Lab Data Capture & Mgmt,,,,,,,,,,,,QC - Fred,IOPS,,,,,,,,
89afbca2-a6a0-4d9d-8fea-b6189b11e1fa,Project,IOPS - GLO Lab-X,IOPS - GLO Lab-X,,,IOPS Quality Control / Lab Data Capture & Mgmt,,,,,,,Medium,,,,,QC - Fred,IOPS,Project,,,On Hold,Global,,,IOPS - QC
4f6ccddf-541b-4d88-ae0e-d01185451382,Project,IOPS - GLO Labels Phase 4,IOPS - GLO Labels Phase 4,,DSI Enterprise Printing Platform (OPM);OpsTrakker;Oracle eBusiness Suite [Platform] / Oracle OPM and Mobile Applications,IOPS Quality Assurance / Document Control,,,,,,,,,,,,Mfg - Ben,IOPS,,,,,,,,
361821f7-f76c-43f1-a980-c7e371ba0d6a,Project,IOPS - GLO Master Data Management,IOPS - GLO Master Data Management,,,IOPS Enterprise Support / Master Data Management,,,,,,,,,,,,Business Ops - Dave,IOPS,,,,,Global,,,
316aef72-26f1-43d0-ad93-694c10051c1b,Project,IOPS - GLO Method Performance Data Mart,IOPS - GLO Method Performance Data Mart,,,IOPS Quality Control / Assay Development,,,,,,,,,,,,QC - Fred,IOPS,Project,,,7. Execute,Global,,,IOPS IT Analytics
7820c4cb-a6dd-452b-820c-707acd2e0c8f,Project,IOPS - GLO Microlearning Platform,IOPS - GLO Microlearning Platform,,,IOPS Quality Assurance / Technical Training (Learning Management),,,,,,,,,,,,Tech Ops - Tik,IOPS,,,,,,,,
5b55cbc8-9903-4728-a9eb-13dc5333dc69,Project,IOPS - GLO Monitoring & Material Shelf Life,IOPS - GLO Monitoring & Material Shelf Life,,,IOPS Supply Chain Management / Inventory Management,,,,,,,,,,,,,IOPS,,,,,,,,
cab91af4-1a06-400a-8749-deeff1e55154,Project,IOPS - GLO Nautilus Upgrade - 19C,IOPS - GLO Nautilus Upgrade - 19C,,,IOPS Quality Control,,,,,,,,,,,,QC - Fred,IOPS,,,,6. Planning,,,,
2ce2e5f6-97bf-4f0e-a5e1-cfebdd5f7107,Project,IOPS - GLO Neo4j Graph Database,IOPS - GLO Neo4j Graph Database,,,,,,,,,,,,,,,Process Sciences - Jim,IOPS,,,,,,,,
aa77dccb-6603-486e-bb43-f8c49e640e5f,Project,IOPS - GLO NGS Pipeline Software,IOPS - GLO NGS Pipeline Software,,,IOPS Quality Control / QC Virology,,,,,,,,,,,,QC - Fred,IOPS,,,,,Global,,,
a0c8e12c-f3ff-4319-a967-424b737bb419,Project,IOPS - GLO Notification System,IOPS - GLO Notification System,Notification System,,IOPS Plant Management / Building Automation,,,,,,,,,,,,Tech Ops - Tik,IOPS,,,,,Global,,,
bb53650c-7c01-42f3-9303-27c68942df28,Project,IOPS - GLO Nymi Qualification,IOPS - GLO Nymi Qualification,,Nymi Band – Global –  IOPS,IOPS Plant Management / Badge and Access Management,,,,,,,,,,,,Mfg - Ben,IOPS,Project,,,7. Execute,Global,,,IOPS - Mfg
6b6b72b4-4583-4d57-8325-799c2ddb31b0,Project,IOPS - GLO Onsite Contractor Management,IOPS - GLO Onsite Contractor Management,,,IOPS Enterprise Support / Workforce Planning,,,,,,,,,,,,Tech Ops - Tik,IOPS,,,,,,,,
9497f47f-487f-470b-8c0c-1fa3280bad4b,Project,IOPS - GLO OPM Labels Phase 3,IOPS - GLO OPM Labels Phase 3,,Oracle eBusiness Suite [Platform] / Oracle OPM and Mobile Applications,IOPS Quality Assurance / Document Control,,significantBusinessBenefit,,,,,Low,,,,,Mfg - Ben,IOPS,Project,,,7. Execute,,,,IOPS - Mfg;IOPS - Supply Chain
6c45fd78-28b2-4fdc-8bd0-59967b3fc190,Project,IOPS - GLO OpsTrakker Application Lifecycle Management,IOPS - GLO OpsTrakker Application Lifecycle Management,,,IOPS Quality Assurance / Document Control,,,,,,,,,,,,QA - Rajesh,IOPS,,,,5. Demand Review,,,,
8dac297e-3011-4f5e-b24a-9708a8b42872,Project,IOPS - GLO Plant Bus,IOPS - GLO Plant Bus,,,IOPS Product Manufacturing / Batch Management,,,,,,,,,,,,Tech Ops - Tik,IOPS,,,,,US,,,
50ebfa67-99d3-4a1a-bf7d-99811993fd8b,Project,IOPS - GLO Process Sciences Dashboards,IOPS - GLO Process Sciences Dashboards,,,IOPS Product Development / Process Monitoring,,,,,,,,,,,,Process Sciences - Jim,IOPS,,,,,,,,
963a9eb5-0ef1-485c-9ed2-3abdf42049c6,Project,IOPS - GLO ProcessX ITSM Module,IOPS - GLO ProcessX ITSM Module,,,IOPS Enterprise Support / Application Management;IOPS Enterprise Support / Client Services,,,,,,,,,,,,Business Ops - Dave,IOPS,,,,,Global,,,
65529137-a94d-4b06-8824-cecad9af417c,Project,IOPS - GLO Product Lifecycle Management (PLM) Evaluation,IOPS - GLO Product Lifecycle Management (PLM) Evaluation,,Oracle eBusiness Suite [Platform],IOPS Supply Chain Management / Product Lifecycle Management,Create a new Item Master Number (IMN) - Master Data Management,,,,,,,,,,,Supply Chain - Scott,IOPS,,,,1. Surface,Global,,,
e772ab96-b5eb-464a-bfd8-ccd8ab44da32,Project,IOPS - GLO Project/Portfolio Management,IOPS - GLO Project/Portfolio Management,,,IOPS Enterprise Support / Portfolio Mgmt,,,,,,,,,,,,Business Ops - Dave,IOPS,,,,,Global,,,
bb051723-e062-46aa-8cb7-95f47594b036,Project,IOPS - GLO Radiation Monitoring,IOPS - GLO Radiation Monitoring,,,IOPS Plant Management / Environmental Health and Safety (EHS),,,,,,,,,,,,Tech Ops - Tik,IOPS,,,,,,,,
da14f1a7-730a-4fca-b165-81ed02644609,Project,IOPS - GLO Raw Material Release Dashboard,IOPS - GLO Raw Material Release Dashboard,,,IOPS Quality Assurance / Raw Material Disposition,,,,,,,,,,,,Supply Chain - Scott,IOPS,,,,,,,,
e963f29a-fa1c-4f4d-8b66-bb293e0cc992,Project,IOPS - GLO RCM Integration Program,IOPS - GLO RCM Integration Program,,,,,,IOPS - GLO RCM Integration Program / IOPS - GLO RCM Blue Mountain and Timestone Integration;IOPS - GLO RCM Integration Program / IOPS - GLO RCM Compliance Wire Integration;IOPS - GLO RCM Integration Program / IOPS - GLO RCM Oracle Integration;IOPS - GLO RCM Integration Program / IOPS - GLO RCM Softmax Integration;IOPS - GLO RCM Integration Program / IOPS - GLO RCM Veeva Integration,,,,,,,,,,IOPS,,,,2. Shape,,,,
ad71538e-b3ec-434d-9556-134c369ef358,Project,IOPS - GLO RCM Blue Mountain and Timestone Integration,IOPS - GLO RCM Integration Program / IOPS - GLO RCM Blue Mountain and Timestone Integration,,Blue Mountain Regulatory Asset Manager (BMRAM),IOPS Plant Management / Plant Maintenance,,,,,,,,,,,,,IOPS,,,,2. Shape,,,,
bd957bd7-9185-4960-92e0-a62981e31d53,Project,IOPS - GLO RCM Compliance Wire Integration,IOPS - GLO RCM Integration Program / IOPS - GLO RCM Compliance Wire Integration,,,IOPS Quality Assurance / Technical Training (Learning Management),,,,,,,,,,,,,IOPS,,,,2. Shape,,,,
96941084-32b9-408d-b83b-94e01c3d3497,Project,IOPS - GLO RCM Oracle Integration,IOPS - GLO RCM Integration Program / IOPS - GLO RCM Oracle Integration,,Oracle eBusiness Suite [Platform] / Oracle OPM and Mobile Applications;Oracle eBusiness Suite [Platform] / Oracle Order Management and Shipping,IOPS Enterprise Support / Accounting;IOPS Product Manufacturing / Finite Scheduling;IOPS Supply Chain Management / Warehouse Management,,,,,,,Medium,,,,,,IOPS,,,,2. Shape,,,,
5acc8fde-0687-45fd-8dfe-d7794028d265,Project,IOPS - GLO RCM Softmax Integration,IOPS - GLO RCM Integration Program / IOPS - GLO RCM Softmax Integration,,Softmax Pro 7  / GxP Admin,IOPS Quality Control / Lab Data Capture & Mgmt,,,,,,,,,,,,,IOPS,,,,6. Planning,,,,
62306209-c6de-4934-a105-256fe40a6fd6,Project,IOPS - GLO RCM Veeva Integration,IOPS - GLO RCM Integration Program / IOPS - GLO RCM Veeva Integration,,,,,,,,,,,,,,,,IOPS,,,,2. Shape,,,,
f01b26e0-3a9b-4922-816e-de153a53a1bc,Project,IOPS - GLO Realware Headsets APK,IOPS - GLO Realware Headsets APK,,,IOPS Quality Assurance / Technical Training (Learning Management),,,,,,,,,,,,,IOPS,,,,,,,,
61e692cc-9b47-45c7-80df-6cbf207c0c06,Project,IOPS - GLO Regulatory Retention Program Dashboard,IOPS - GLO Regulatory Retention Program Dashboard,,,,,,,,,,,,,,,,IOPS,,,,2. Shape,,,,
5cc4df97-6bc5-437b-9a35-d0767909b756,Project,IOPS - GLO Requirements Management,IOPS - GLO Requirements Management,,,IOPS Product Development / Device Specification Management,,,,,,,,,,,,Process Sciences - Jim,IOPS,,,,,,,,
bedbf9fe-9f6d-4e78-ac92-7921d9564fef,Project,IOPS - GLO SDMS Upgrade,IOPS - GLO SDMS Upgrade,,NuGenesis SDMS,IOPS Quality Control / Lab Data Capture & Mgmt,,,,,,,,IOPS - Keep Existing Systems Operational (Lifecycle Upgrades),,,,QC - Fred,IOPS,LCM,,,7. Execute,Global,,,IOPS - QC
c134448f-aa57-4703-9c6b-af1d15ca76a5,Project,IOPS - GLO Siera GMP Enterprise Data Warehouse Upgrade/Migration,IOPS - GLO Siera GMP Enterprise Data Warehouse Upgrade/Migration,,,IOPS Enterprise Support / Data & Statistical Analysis,,,,,,,,,,,,Business Ops - Dave,IOPS,,,,,,,,
baebe81d-ff7d-4410-8aa2-86387791f3ab,Project,IOPS - GLO Siera Server Upgrade and DR Testing,IOPS - GLO Siera Server Upgrade and DR Testing,,,,,,,,,,Medium,,,,,,IOPS,LCM,,,2. Shape,Global,,,IOPS - Process Sciences
78aa34b5-9c37-42ac-8b95-c6ff22780852,Project,IOPS - GLO SIMCA / SIMCA Online Validation,IOPS - GLO SIMCA / SIMCA Online Validation,,,IOPS Product Development / Process Monitoring,,,,,,,,,,,,Process Sciences - Jim,IOPS,,,,,,,,
daf8717d-5822-40d4-92d5-b4889a8b7600,Project,IOPS - GLO SOA Upgrade / Replacement,IOPS - GLO SOA Upgrade / Replacement,,Oracle eBusiness Suite [Platform] / Oracle OPM and Mobile Applications;PAS-X Manufacturing Execution System (MES) Raheen;PAS-X Manufacturing Execution System (MES) Rensselaer,,,,,,,,High,,,,,,IOPS,Project,,,6. Planning,Global,,,IOPS - Mfg
610c922e-3b66-4886-89d6-d3d39f2598ee,Project,IOPS - GLO Thinglink 3D Videos,IOPS - GLO Thinglink 3D Videos,,,IOPS Quality Assurance / Technical Training (Learning Management),,,,,,,,,,,,Tech Ops - Tik,IOPS,,,,,,,,
a16160df-257c-436d-af18-1d3c7c1887da,Project,IOPS - GLO Track and Trace (DocuTrack),IOPS - GLO Track and Trace (DocuTrack),,,IOPS Quality Assurance / Document Control,,,,,,,,,,,,QA - Rajesh,IOPS,,,,,,,,
96b77289-1585-48c7-a8e4-0ce012f62a12,Project,IOPS - GLO Two-Factor Authentication (2FA),IOPS - GLO Two-Factor Authentication (2FA),,,IOPS Plant Management / Badge and Access Management,,,,,,,,,,,,Tech Ops - Tik,IOPS,,,,,,,,
c7b592ae-cc59-440c-8d93-b24edec6d398,Project,IOPS - GLO Upgrade Discoverant Database servers to Oracle 19C,IOPS - GLO Upgrade Discoverant Database servers to Oracle 19C,,Discoverant Raheen;Discoverant Rensselaer,,,,,,,,Medium,IOPS - Keep Existing Systems Operational (Lifecycle Upgrades),,,,Process Sciences - Jim,IOPS,LCM,,,7. Execute,Global,,,IOPS - Process Sciences
71cd3287-12b9-4eb7-9e6c-b33f267a6116,Project,IOPS - GLO Utilities ELN,IOPS - GLO Utilities ELN,,Labware ELN,IOPS Quality Control / Environmental Monitoring,,largeBusinessBenefit,,,,,High,Forward5 - Technology Roadmap / IOPS - Implement Labware,,,,QC - Fred,IOPS,Project,,,7. Execute,Global,,,IOPS - QC
3f6e8114-b735-479c-90fb-43d461ac205b,Project,"IOPS - GLO Validated Electronic System for Records Issuance, Tracking and Reconciliation","IOPS - GLO Validated Electronic System for Records Issuance, Tracking and Reconciliation",,OpsTrakker,IOPS Quality Assurance / Document Control,"FileMaker Pro - Archival, Lab Notebooks, Forms Issuance, Doc Search / FileMaker Pro - Batch Record Tracking;FileMaker Pro - Archival, Lab Notebooks, Forms Issuance, Doc Search / FileMaker Pro IOPS - Performance Copy Issuance",,,,,,,,,,,QA - Rajesh,IOPS,Project,,,4. Roadmap (Approved),Global,,,IOPS - QA
1e5a7e64-0bba-4424-b560-8be69d7cede1,Project,IOPS - GLO Video Hosting Solution,IOPS - GLO Video Hosting Solution,,,,,littleBusinessBenefit,,,,,,,,,,,IOPS,,,,2. Shape,Global,,,IOPS - Tech Training
7b1efce0-baf0-4eff-9b20-c2fe1efae5aa,Project,IOPS - GLO VR Training System,IOPS - GLO VR Training System,,,IOPS Quality Assurance / Technical Training (Learning Management),,,,,,,,,,,,Tech Ops - Tik,IOPS,,,,,Global,,,
5cb867df-784f-4fd3-806a-7e683c4510bc,Project,IOPS - GLO Warehouse Automation,IOPS - GLO Warehouse Automation,,,IOPS Supply Chain Management / Warehouse Management,,,,,,,,,,,,Supply Chain - Scott,IOPS,,,,,,,,
17d6da83-9036-4d11-abe3-5cefb2fdec4c,Project,IOPS - GLO Windows 10 Global,IOPS - GLO Windows 10 Global,,,IOPS Enterprise Support / IT Risk Management,,,,,,,,,,,,Business Ops - Dave,IOPS,LCM,,,6. Planning,Global,,,
8d5a7d94-0638-4480-ac0a-962d18592dd1,Project,IOPS - Magellan Globalization of DocCompliance (MY QUMAS) (REQ'D),IOPS - Magellan Globalization of DocCompliance (MY QUMAS) (REQ'D),,QUMAS EDMS (DocCompliance),IOPS Quality Assurance / Document Control,,significantBusinessBenefit,,,,,,Forward5 - Supply Assurance / IOPS - Support Globalization (Project Magellan),,,,QA - Rajesh,IOPS,Project,,,7. Execute,Global,,,IOPS - QA
25194bcd-c1b1-4d39-be35-ee3a828cec0c,Project,IOPS - Magellan Globalization of REGNU for GxP Training,IOPS - Magellan Globalization of REGNU for GxP Training,,REGNU,IOPS Quality Assurance / Technical Training (Learning Management),,significantBusinessBenefit,,,,,Low,Forward5 - Supply Assurance / IOPS - Support Globalization (Project Magellan),,,,Tech Ops - Tik,IOPS,Project,,,7. Execute,Global,,,IOPS - Tech Training
bfbe41b9-04cd-4344-87f0-146e905fbf42,Project,IOPS - Magellan Order Management (OTC Workstream),IOPS - Magellan Order Management (OTC Workstream),,Kinaxis Maestro Advanced Planning System (APS);Oracle eBusiness Suite [Platform] / Oracle OPM and Mobile Applications,IOPS Supply Chain Management / Order Management,,significantBusinessBenefit,,,,,Medium,Forward5 - Supply Assurance / IOPS - Support Globalization (Project Magellan),,,,Supply Chain - Scott,IOPS,Project,,,6. Planning,Global,,,IOPS - WH&L
1cea203e-29e3-447b-9681-2a2391279aee,Project,IOPS - MVP GMP Solution for MR Corrections (CAPA 23-2009),IOPS - MVP GMP Solution for MR Corrections (CAPA 23-2009),,,IOPS Quality Assurance / Batch Disposition Management,,,,,,,Low,,,,,,IOPS,Managed Work,,,2. Shape,,,,IOPS - Mfg
b01f72c6-4387-4be1-8bda-e8637209efc0,Project,IOPS - Oracle Enablement Program,IOPS - Oracle Enablement Program,,Oracle eBusiness Suite [Platform] / Oracle Order Management and Shipping,IOPS Supply Chain Management / Order Management,,,,,,,,Forward5 - Supply Assurance,,,,Supply Chain - Scott,IOPS,,,,7. Execute,,,,IOPS - Supply Chain
212a60c8-4c5c-414b-96cf-744aefafe260,Project,IOPS - RAH - Lab Systems Instrument - W10 upgrade,IOPS - RAH - Lab Systems Instrument - W10 upgrade,,,IOPS Enterprise Support / IT Risk Management;IOPS Quality Control / Lab Data Capture & Mgmt,,,,,,,High,IOPS - Keep Existing Systems Operational (Lifecycle Upgrades),,,,QC - Fred,IOPS,LCM,,,7. Execute,IE,,,IOPS - QC
a32620bf-4ad1-436d-8cbe-91b32e4f2c87,Project,IOPS - RAH Augmentir Expansion,IOPS - RAH Augmentir Expansion,Augmented Work Instructions,Augmentir,IOPS Quality Assurance / Technical Training (Learning Management),,,,,,,,,,,,,IOPS,Managed Work,,,2. Shape,IE,,,IOPS - Digital Products
692e8997-dd3c-45f5-a832-e126d9d14b73,Project,IOPS - RAH BAS/QBAS Lifecycle Refresh,IOPS - RAH BAS/QBAS Lifecycle Refresh,,,,,,,,,,,,,,,,IOPS,LCM,,,1. Surface,IE,,,IOPS - Facilities
58af5a9e-1d15-4056-80df-634fb6cfdf5a,Project,IOPS - REN - Lab Systems Instrument - W10 upgrade,IOPS - REN - Lab Systems Instrument - W10 upgrade,,,IOPS Enterprise Support / Application Management;IOPS Quality Control / Lab Data Capture & Mgmt,,,,,,,,,,,,QC - Fred,IOPS,LCM,,,6. Planning,US,,,
88c6e098-1de7-4cc1-90ca-53dfac600677,Project,IOPS - REN AS ELN,IOPS - REN AS ELN,,Labware ELN,IOPS Quality Control / Test Execution,,,,,,,Medium,Forward5 - Technology Roadmap / IOPS - Implement Labware,,,,QC - Fred,IOPS,Project,,,7. Execute,US,,,IOPS - QC
86825de1-cb10-46c1-8628-4441dad90c43,Project,IOPS - REN Autonomous Floor Cleaners,IOPS - REN Autonomous Floor Cleaners,,,IOPS Plant Management / Plant Maintenance,,,,,,,,,,,,Tech Ops - Tik,IOPS,,,,,,,,
da855fb7-617c-4cc0-a5a6-3e12d558ae45,Project,IOPS - REN B17 Fill Finish Program Plan,IOPS - REN B17 Fill Finish Program Plan,,Kinaxis Maestro Advanced Planning System (APS),,,largeBusinessBenefit,IOPS - REN B17 Fill Finish Program Plan / IOPS - REN B17 Dupixent Serialization;IOPS - REN B17 Fill Finish Program Plan / IOPS - REN B17 Site Metrics and Analytics;IOPS - REN B17 Fill Finish Program Plan / IOPS - REN B17 Tracelink SIT,,,,Medium,Forward5 - Supply Assurance / IOPS - Operationalize B17 to Manufacture In House,,,,,IOPS,Project,,,7. Execute,US,,,IOPS - B17
8714954b-1364-4335-997a-23f57c63ff4c,Project,IOPS - REN B17 Dupixent Serialization,IOPS - REN B17 Fill Finish Program Plan / IOPS - REN B17 Dupixent Serialization,,Optel Open Site Master (OSM);Tracelink,IOPS Product Manufacturing / Product Serialization,Package and Serialize Commercial Product,significantBusinessBenefit,,,,,Medium,Forward5 - Supply Assurance / IOPS - Operationalize B17 to Manufacture In House,,,,IFF - Steve,IOPS,Project,,,6. Planning,US,,,IOPS - B17
da73c68a-61c7-403d-be54-4484ade09f90,Project,IOPS - REN B17 Site Metrics and Analytics,IOPS - REN B17 Fill Finish Program Plan / IOPS - REN B17 Site Metrics and Analytics,,Qlik (Qlikview & QlikSense),,,largeBusinessBenefit,,,,,Medium,Forward5 - Supply Assurance / IOPS - Operationalize B17 to Manufacture In House,,,,,IOPS,Project,,,7. Execute,US,,,IOPS - B17
1ff6a798-bba2-4a4d-bb79-8b6b26ed04aa,Project,IOPS - REN B17 Tracelink SIT,IOPS - REN B17 Fill Finish Program Plan / IOPS - REN B17 Tracelink SIT,,Optel Open Site Master (OSM),IOPS Product Manufacturing / Product Serialization,,significantBusinessBenefit,,,,,Low,Forward5 - Supply Assurance / IOPS - Operationalize B17 to Manufacture In House,,,,IFF - Steve,IOPS,Project,,,6. Planning,US,,,IOPS - B17
b3baf473-7660-4520-9c1b-278cd12ef2cb,Project,IOPS - REN B17 Optel OSM Line 2,IOPS - REN B17 Optel OSM Line 2,,,,,,,,,,,,,,,,IOPS,,,,1. Surface,US,,,
34845c8f-2e5b-4592-97aa-3e5b4793de3e,Project,IOPS - REN Control Replacement (TempTale to Saga),IOPS - REN Control Replacement (TempTale to Saga),,,,,,,,,,,,,,,,IOPS,,,,1. Surface,US,,,
b40a5d22-70ae-4a9e-83c0-dbfd7558d32b,Project,IOPS - REN DASH Replacement Infrastructure,IOPS - REN DASH Replacement Infrastructure,,,,,,,,,,,,,,,,IOPS,,,,,,,,
ca79bbfa-5e17-49b7-8636-84012b0b5acf,Project,IOPS - REN Edge Device Control & Integration using Ignition,IOPS - REN Edge Device Control & Integration using Ignition,,,IOPS Plant Management / Process Control,,,,,,,,,,,,Tech Ops - Tik,IOPS,,,,,,,,
e8be2ba9-2280-47f6-bc76-4c53e6f909d8,Project,IOPS - REN Engineering Device Configuration Spec GxP Storage/Database,IOPS - REN Engineering Device Configuration Spec GxP Storage/Database,,,,,,,,,,,,,,,,IOPS,,,,1. Surface,US,,,IOPS - Facilities
810a1479-6ad6-4c38-873d-68a54b9ae243,Project,IOPS - REN Genetec Video System,IOPS - REN Genetec Video System,,,,,,,,,,Low,,,,,,IOPS,Project,,,1. Surface,US,,,IOPS - Digital Products
c7688062-9116-42b7-8931-87c87f62f28e,Project,IOPS - REN Gold Particle Tester Replacement,IOPS - REN Gold Particle Tester Replacement,,,,,,,,,,,,,,,Tech Ops - Tik,IOPS,,,,,,,,
23befe76-3eb1-4c26-98fe-3f0e2698c0d0,Project,IOPS - REN P2000 Upgrade to C-Cure,IOPS - REN P2000 Upgrade to C-Cure,,CCURE 9000 Security Management System;Johnson Controls Security Management (P2000),IOPS Plant Management / Badge and Access Management,,littleBusinessBenefit,,,,,Low,,,,,Tech Ops - Tik,IOPS,Project,,,6. Planning,US,Digital Transformation,,IOPS - Facilities
4738c040-5854-4c5b-9c3a-ddd56a020b8c,Project,IOPS - REN PA16 Sandbox,IOPS - REN PA16 Sandbox,,,,,,,,,,,,,,,,IOPS,,,,,,,,
cf9d5214-6a63-4abf-94bd-da6353aea4a7,Project,IOPS - REN Particulate Risk Assessment Tool,IOPS - REN Particulate Risk Assessment Tool,,,,,,,,,,,,,,,,IOPS,,,,1. Surface,US,,,IOPS - QA
6733c187-b807-4da7-b0fb-eed4666f84bb,Project,IOPS - RHN Endoscan App Server Implementation,IOPS - RHN Endoscan App Server Implementation,,EndoScan,,,littleBusinessBenefit,,,,,Low,,,,,QC - Fred,IOPS,Project,,,7. Execute,IE,,,
6ec3ee36-e8a4-44e3-993c-e9fa3aed814c,Project,IOPS - RHN ERT Paging System,IOPS - RHN ERT Paging System,,,,,,,,,,,,,,,,,,,,,,,,
dbd8ad92-d3ff-4ef5-b5b9-db8021c2d743,Project,IOPS - RHN Lenel Upgrade,IOPS - RHN Lenel Upgrade,,,IOPS Plant Management / Badge and Access Management,,,,,,,,,,,,Tech Ops - Tik,IOPS,,,,,,,,
6650ecd7-301a-4cd8-9234-cf54c9ec5050,Project,IOPS - SAR DCS DeltaV,IOPS - SAR DCS DeltaV,,,IOPS Product Development / Process Analytical Technology and automated process control;IOPS Product Manufacturing / Batch Management,,,,,,,,,,,,Tech Ops - Tik,IOPS,,,,,US,,,
7dd41b63-5c2e-4839-b3d5-a9f007e0ad24,Project,IOPS - SAR MES for Saratoga,IOPS - SAR MES for Saratoga,,,IOPS Product Manufacturing / Batch Management,,,,,,,,,,,,Mfg - Ben,IOPS,,,,,US,,,
9df12c92-ca37-47c5-bd05-6e2e52defbbc,Project,IOPS - Transchrom Expansion,IOPS - Transchrom Expansion,,,IOPS Quality Control / Lab Chromatography,,,,,,,,,,,,Process Sciences - Jim,IOPS,,,,,,,,
e112874c-4071-40e2-9a92-87979a18f7f6,Project,JobTarget,JobTarget,,,,,,,,,,,,,,,,G&A IT - Human Resources,,,,,,G&A IT,,
a13a7649-4d5d-45b1-9143-dedea010a14c,Project,Lean IX Phase 2,Lean IX Phase 2,,LeanIX,,,,,,,,,,,,,,,,DO&PM,,,,,,
7f837abe-c2a4-4bcb-9713-8e9a314e3e6c,Project,Magellan - GD - GPS:Libtayo Sanofi Acquisition Technology,Magellan - GD - GPS:Libtayo Sanofi Acquisition Technology,,,,,,,,,,,,,,,,,,GPS,,,,,,
2a10ad81-c058-474b-8da2-1102fb99f704,Project,Magellan - GD - Signal Management Implementation,Magellan - GD - Signal Management Implementation,,,,,,,,,,,,,,,,,,GPS,,,,,,
56f243f1-2f59-4076-9b38-646f280e5e01,Project,Magellan – GD – Lorenz docuBridge: Japan,Magellan – GD – Lorenz docuBridge: Japan,,,,,,,,,,,,,,,,,,RA,,,,,,
823c4170-4c3b-4335-9d5c-4f5aee9e78ea,Project,Master Data Management (GDS Implementation),Master Data Management (GDS Implementation),,Master Data Management (MDM),,,,,,,,,,,,,,,,DO&PM,,,,,,
e6203995-58a3-49be-86fd-4600fdcc14a6,Project,Mediverse Ph 2,Mediverse Ph 2,,,,,,,,,,,,,,,,,,MA,,,,,,
07ac0702-9020-4de8-8e83-3784484156ff,Project,MediVerse Program,MediVerse Program,,,,,,,,,,,,,,,,,,MA,,,,,,
d53bb4b4-c5bb-4167-8f29-e144d02a19a7,Project,MIS-Medical Inquiry System,MIS-Medical Inquiry System,,,,,,,,,,,,,,,,,,MA,,,,,,
ebf007c2-12fc-4f44-b4bb-9d454cf438cd,Project,NEMO R4,NEMO R4,,,,,,,,,,,,,,,,G&A IT - Human Resources,,,,,,G&A IT,,
09851f3a-85f1-46fc-ba4f-6a55698e98a6,Project,Onboarding Revamp,Onboarding Revamp,,,,,,,,,,,,,,,,G&A IT - Human Resources,,,,,,G&A IT,,
e1be109b-8eca-4a11-9c15-98ce6ac54097,Project,One Source Data Hub,One Source Data Hub,,,,,largeBusinessBenefit,,,,,,,,,,,,,DO&PM,,,,,,
827a7977-5e49-4c95-a0ba-84e6892f3125,Project,OneTrust DSAR Implementation,OneTrust DSAR Implementation,,OneTrust,,,,,,,,,,,,,,Law,,,,,,,,
b48e8686-370c-429a-a675-3215787664ff,Project,OneTrust Incident Management,OneTrust Incident Management,,OneTrust,,,,,,,,,,,,,,Law,,,,,,,,
b50410ac-b248-4c15-9b7a-e43f1368cdc5,Project,PPM Tool Initiative,PPM Tool Initiative,,,,,,,,,,,,,,,,,,MA,,,,,,
4a5a87f8-b275-4506-b913-71acece257c6,Project,Project Online Replacement Evaluation,Project Online Replacement Evaluation,,Compass,,,,,,,,,,,,,,,,DO&PM,,,,,,
4716ee54-007d-474a-b60b-e1da48057259,Project,Project Unity for DHT Implementation,Project Unity for DHT Implementation,,,,,,,,,,,,,,,,,,DO&PM,,,,,,
42ac7bea-c2df-4041-a377-241e67313cfa,Project,R env - Interactive Data Review & Topline Results,R env - Interactive Data Review & Topline Results,,,,,,,,,,,,,,,,,,BDM,,,,,,
fe2525bb-a956-452b-ad64-0d0c2d936244,Project,RA: GRITS Assessment,RA: GRITS Assessment,,,,,,,,,,,,,,,,,,RA,,,,,,
b6c6fd63-6674-4ae1-aa90-8542446e1c15,Project,RA: Post Plus - Box GxP Platform - Qualification,RA: Post Plus - Box GxP Platform - Qualification,,,,,,,,,,,,,,,,,,RA,,,,,,
a767f23b-abdb-4485-94e3-0039da30dcf6,Project,Replace SumTotal Integrations,Replace SumTotal Integrations,,Beeline;Oracle eBusiness Suite [Platform];TalentHub [Platform];Workday + Beeline;Workday [Platform],,,,,,INT129 Workday + Beeline to SumTotal - Employee Data;INT131 Workday + Beeline to SumTotal - Users to Organizations;INT133 Oracle to SumTotal - Job Data;INT135 Workday + Beeline to SumTotal - User to Jobs;INT137  Workday to SumTotal - Organization Data;Oracle to SumTotal - Employee;Oracle to SumTotal - Employee to Job;Oracle to SumTotal - Employee to Organization;Oracle to SumTotal - Jobs;Oracle to SumTotal - Organizations,,,,,,,,G&A IT - Human Resources,Project,,,,,G&A IT,,
3143d319-43d0-45c9-9fea-733300e153d0,Project,Risk Based Quality Management (RBQM),Risk Based Quality Management (RBQM),,CluePoints RBQM,,,,,,,,,,,,,,,,DO&PM,,,,,,
c79efddf-a256-4e98-a498-0fec98a719cc,Project,SAS Platform Modernization Program,SAS Platform Modernization Program,,,,,,,,,,,,,,,,,,BDM,,,,,,
34706b41-879e-4935-ad36-44e507a9ef20,Project,SAS Viya Implementation,SAS Viya Implementation,,,,,,,,,,,,,,,,,,BDM,,,,,,
68b4c548-cfe2-46ff-a05f-fa63bbe19ee9,Project,Scientific & Samples Data Lakes-DevOps Program​,Scientific & Samples Data Lakes-DevOps Program​,,,,,,,,,,,,,,,,,,BDM,,,,,,
ad7cf693-d81d-4fdf-a4f3-733d24f92262,Project,SDE - Data Integrations for One Source Data Hub,SDE - Data Integrations for One Source Data Hub,,,,,,,,,,,,,,,,,,DO&PM,,,,,,
24f17cdd-0cd7-4edd-bc3b-6801cbbaad77,Project,SDE - Extract CES-2241 Moticon data into RTS,SDE - Extract CES-2241 Moticon data into RTS,,,,,,,,,,,,,,,,,,BDM,,,,,,
c24b7025-5e03-494c-bc02-d49d0e9921ac,Project,SDE - iEnvision Data to GDDL,SDE - iEnvision Data to GDDL,,,,,,,,,,,,,,,,,,MA,,,,,,
c54b526b-8ea6-4d4b-9fa8-9b1d69d9a0ce,Project,SDE - Ingest GTO Vendor Data to Support Metrics Dashboard,SDE - Ingest GTO Vendor Data to Support Metrics Dashboard,,,,,,,,,,,,,,,,,,DO&PM,,,,,,
e8bd3f89-a979-47e6-b111-083c0b52d303,Project,SDE - Ingest REGNU Data to ODL,SDE - Ingest REGNU Data to ODL,,Operational Data Lake;REGNU,,,,,,,,,,,,,,,,DO&PM,,,,,,
bbb3102a-9218-4f97-88cc-fcfd974303ab,Project,SDE - Ingest Zai China Operational Data into ODL,SDE - Ingest Zai China Operational Data into ODL,,Operational Data Lake;Veeva - CTMS,,,,,,,,,,,,,,,,DO&PM,,,,,,
35703b63-3fed-42c0-84f8-d86abc877dd7,Project,SDE - Komodo Data into BDI Instance,SDE - Komodo Data into BDI Instance,,,,,,,,,,,,,,,,,,MA,,,,,,
907fd3fd-eb93-4fa5-b66d-a1944757d45b,Project,SDE - Mediverse Integration,SDE - Mediverse Integration,,,,,,,,,,,,,,,,,,MA,,,,,,
59447b11-2942-4974-8a4f-bf580c7b20b7,Project,SDE- Academy Page for Data Enablement Integration,SDE- Academy Page for Data Enablement Integration,,Academy Pages,,,,,,,,,,,,,,,,DO&PM,,,,,,
fc6da271-bc11-4c54-b1c1-bb5eb0ccf3ca,Project,SDE- Integration Cluepoints data into ODL,SDE- Integration Cluepoints data into ODL,,CluePoints RBQM;Operational Data Lake,,,,,,,,,,,,,,,,DO&PM,,,,,,
cb3d8fb5-7aa7-4d93-804f-8f0039a7114a,Project,Unified Request Management Repository and Reporting - Implementation,Unified Request Management Repository and Reporting - Implementation,,CTMS Request Management,,,,,,,,,,,,,,,,DO&PM,,,,,,
a54ee97b-3da0-41df-b1a3-b4fc9c50f67d,Project,Veeva Clinical Vault 2024 Business Releases,Veeva Clinical Vault 2024 Business Releases,,,,,,,,,,,,,,,,,,DO&PM,,,,,,
6f556e8a-c198-4cbc-8ced-4d3fe6b8fe05,Project,Veeva Platform Center of Excellence (CoE) Implementation,Veeva Platform Center of Excellence (CoE) Implementation,,,,,,,,,,,,,,,,,,DO&PM,,,,,,
7bedef4b-1e20-4198-9aaa-4a89159cfc68,Project,Veeva Quality Vault 2024 Business Releases,Veeva Quality Vault 2024 Business Releases,,,,,,,,,,,,,,,,,,Quality,,,,,,
8582c862-8b17-41be-8c92-d99a3ebf9434,Project,Veeva RIM Vault 2024 Business Releases,Veeva RIM Vault 2024 Business Releases,,,,,,,,,,,,,,,,,,RA,,,,,,
550058a7-81a1-4f5d-8ef4-d2790c1bcc75,Project,Veeva Site Connect Phases 0-1 - Safety Letter Distribution,Veeva Site Connect Phases 0-1 - Safety Letter Distribution,,Site Connect,,,,,,,,,,,,,,,,DO&PM,,,,,,
3873a156-182f-4a32-b14e-a26635ce6eb8,Project,WCG Site Feasibility Application Re-Platform,WCG Site Feasibility Application Re-Platform,,Site Feasibility Application,,,,,,,,,,,,,,,,DO&PM,,,,,,
0eefa68a-d291-4270-a89b-183f18fce9c6,Project,WFP - Interim & Long-Term Deliverables,WFP - Interim & Long-Term Deliverables,,,,,,,,,,,,,,,,G&A IT - Human Resources,,,,,,G&A IT,,
77acccec-411e-4546-95b4-0844bc2313a5,Project,Workday Demand Backlog,Workday Demand Backlog,,Beeline;BenefitSolver;Boomi;CorePay;Equity Edge (E*TRADE);External Application;Graebel globalCONNECT;Journey Live;Maven Clinic Platform;OneTrust;Oracle eBusiness Suite [Platform];Oracle EPM  [Platform] / Oracle EDMCS;PayFactors;Qlik (Qlikview & QlikSense);ServiceNow [Platform];TalentHub [Platform];Workday + Beeline;Workday [Platform],,,,,,INT084  Workday to Businessolver - Worker Data;INT097  Workday to Payfactors - Job Data;INT129 Workday + Beeline to SumTotal - Employee Data;INT149  Workday to Veeva (External App) - Delta Data;INT162  Workday to EdAssist - Worker Data;INT164  Workday to Equity Edge - Stock Portfolio;INT167  Workday + Beeline to Everbridge;INT224  Workday to ServiceNow - HR Profile;Workday to Oracle - Employee Shell Record,,,,,,,,G&A IT - Human Resources,,,,,,G&A IT,,
c3bfafde-725b-45a1-9d21-978e0e8fa8a5,Project,Workday People Integrations,Workday People Integrations,,Beeline;External Application;Hyland Onbase  [Platform] / Hyland Onbase Shipping and Receiving;Oracle EPM  [Platform] / Oracle EDMCS;Weight Watchers;Workday + Beeline;Workday [Platform],,,largeBusinessBenefit,,,Data Warehouse to Beeline - Cost Centers;Data Warehouse to Beeline - HR Orgs;Data Warehouse to Beeline - Organizational Unit (OU);Data Warehouse to Beeline - Region;Data Warehouse to Beeline - Territory;Data Warehouse to CCure (External App);Data Warehouse to Dival Safety Boots (External App);Data Warehouse to Hyland Onbase - S&R;Data Warehouse to IOPS Data Warehouse (External App);Data Warehouse to RSIGuard Ergonomics (External App);Data Warehouse to Safety Stratus (External App) - Supplier Data for EHS;EDMCS to Beeline - Departments and Organizations;INT289 Workday + Beeline to Insights RM (External App);Oracle Core HR to Weight Watchers;Workday + Beeline to CCure (External App);Workday + Beeline to Ceridian EE Out to Filemaker Pro V16 RENS (External App);Workday + Beeline to Ceridian EE Out to Filemaker Pro V18 Tarrytown (External App);Workday + Beeline to Ceridian EE Out to InsightsRM (External App);Workday + Beeline to Ceridian EE Out to SailPoint (External App);Workday + Beeline to Ceridian to Active Directory (External App);Workday + Beeline to Ceridian to Ruby User Table (External App);Workday + Beeline to Dival Safety Boots Tarrytown only (External App);Workday + Beeline to Filemaker Pro Tarrytown & Ruby User Table (External App) V18;Workday + Beeline to Hyland Onbase S&R (External App);Workday + Beeline to IOPS Data Warehouse (Managed by IOPS);Workday + Beeline to RSIGuard (External App);Workday + Beeline to Safety Stratus (External App);Workday + Beeline to Sailpoint (External App);Workday + Beeline to to Ceridian EE Out to Data Warehouse (Master Data);Workday to Beeline - HR Orgs;Workday to Beeline - Region (Sup Org);Workday to Beeline - Territory;Workday to Oracle - Employee Shell Record;Workday to Weight Watchers,,,,,,,,G&A IT - Human Resources,Project,,,,,G&A IT,,
e7d76d95-e5f3-4019-8bf8-91c2f9decfc2,Project,Workforce Planning,Workforce Planning,,,,,,,,,,,,,,,,G&A IT - Human Resources,,,,,,G&A IT,,