id,type,name,displayName,relITComponentToApplication,relToChild,relITComponentToTechPlatform,relITComponentToProject,relITComponentToInterface,location,relITComponentToUserGroup,tags:GxP,tags:GD IT Teams,tags:Owned By,tags:Owning Function,tags:Business Domain,tags:Main Area,tags:Business Unit,tags:LX PS WiP,tags:Region,tags:IT Component Standards,tags:Other tags,relITComponentToTechnologyStack,technicalSuitability,relITComponentToProvider
ID,Type,Name,Display Name,Applications,Children,Implements Tech Platforms,Initiatives,Interfaces,Location,Organizations,GxP,GD IT Teams,Owned By,Owning Function,Business Domain,Main Area,Business Unit,LX PS WiP,Region,IT Component Standards,Other tags,Tech Categories,Technical Fit,Providers
72f2bd1f-84a3-49d5-8d8b-4a38c8339007,ITComponent,1TEST,1TEST,,,,,,,,,,,,,,,,,,,,,
2b11188a-0c01-44c5-94d5-f8f30b4fb630,ITComponent,Hosting,3CLogic Hosting,HR4U [Platform] / 3CLogic Call Center,,,,,,,,,,,,,,,,,G&A IT,,,3CLogic
3f074f96-1172-4e7a-ba74-7ffa713e87d8,ITComponent,Achievers SaaS Hosting,Achievers Achievers SaaS Hosting,Achievers,,,,,,,,,,,,,,,,,G&A IT,Human Resources Management (HRM) / Employee Performance and Engagement Management,,Achievers
16e44cc8-8b00-447a-9027-258b6ca0c08e,ITComponent,Acrobat,Adobe Acrobat 9.x,PAS-X Manufacturing Execution System (MES) Rensselaer,,,,,,,,,,,,,,,,,,,,Adobe
82cbf593-359a-4211-a9c0-6da0afb1ce04,ITComponent,Captivate,Adobe Captivate,Captivate,,,,,,,,,,,,,,,,,G&A IT,,,Adobe
ec50c973-9ba8-46e7-89f8-0c993585acef,ITComponent,InDesign,Adobe InDesign,InDesign,,,,,,,,,,,,,,,,,G&A IT,,,Adobe
8595f28e-521b-4b3a-9e63-16d2da0c6371,ITComponent,Aetna Application Hosting,Aetna Aetna Application Hosting,Aetna,,,,,,,,,,,,,,,,,G&A IT,,,Aetna
301bb43c-499a-4443-b476-529ec1d4716a,ITComponent,Aetna SaaS Hosting,Aetna Aetna SaaS Hosting,Aetna,,,,,,,,,,,,,,,,,,,,Aetna
471690ae-2402-49be-800a-6c8d04fba976,ITComponent,Analytics SaaS Hosting,Alphabet / Google Analytics SaaS Hosting,Clinical Trials Site - Corporate;REGN Career Site;Workday [Platform],,,Career Site Replacement,,,,,,,,,,,,,,,,,Alphabet / Google
8d3969f0-a94b-49ac-a43a-10c285e0ddca,ITComponent,Apigee API Management,Alphabet / Google Apigee API Management,,,,,,,,,,,,,,,,,,,Software Development / Development Environment,,Alphabet / Google
fc1c5310-f8e2-4c41-8a07-7712e353395f,ITComponent,Flutter,Alphabet / Google Flutter 3.22.x,Return to Office Smart Mobile App,,Regeneron Web Services - Digital Platform for App Development,,,,,,,,,,,,,,,,,,Alphabet / Google
b0038c06-f30a-43de-b450-2c60d9aa3b9b,ITComponent,Google Analytics,Alphabet / Google Google Analytics,Regeneron Medical Portal,,,,,,,,,,,,,,,,,,,,Alphabet / Google
7204443a-ab45-466d-af46-73be72d4d594,ITComponent,Amazon RDS for Oracle,Amazon.com / AWS Amazon RDS for Oracle,Enterprise Data Warehouse;Human Sample Request,,,,Sharepoint GD Study Numbers to Data Warehouse,,,,,,,,,,,,,,,,Amazon.com / AWS
dc70e0a3-16a4-4215-a138-d6580edd3622,ITComponent,Amazon Redshift SaaS Hosting,Amazon.com / AWS Amazon Redshift SaaS Hosting,,,,,,,,,,,,,,,,,,,,,Amazon.com / AWS
845803bb-2833-44e7-9e53-98bf5d98e5f9,ITComponent,Amazon S3,Amazon.com / AWS Amazon S3,ALR (Automated Literature Review);Flywheel.io;GDS Big Data Initiative (BDI);Human Sample Request;J-Review Web;OSDH (One source data hub),,,,,,,,,,,,,,,,,,Storage Management / Storage Resource Management,,Amazon.com / AWS
e930a123-8104-4752-949c-c4e317a2ced0,ITComponent,EC2,Amazon.com / AWS EC2,3D Slicer for Imaging;Boomi;CRF Annotation Interactive Automation;Enterprise Data Warehouse;Flywheel.io;Human Sample Request;Informed Consent Form (ICF) Management;J-Review Web;MAGNATron;Markview 10.1;Oracle EPM  [Platform],,,,,,,,,,,,,,,,,,,,Amazon.com / AWS
4017f797-41e8-4744-8446-d42c1257bb54,ITComponent,ElastiCache for Redis,Amazon.com / AWS ElastiCache for Redis,,,Regeneron Web Services - Digital Platform for App Development,,,,,,,,,,,,,,,,,,Amazon.com / AWS
2cb718f6-fcc2-4ba0-bb58-9357d05b0945,ITComponent,Lambda,Amazon.com / AWS Lambda,,,,,Data Warehouse to Beeline - Cost Centers;Data Warehouse to Beeline - HR Orgs;Data Warehouse to Beeline - Job Titles;Data Warehouse to Beeline - Organizational Unit (OU);Data Warehouse to Beeline - Region;Data Warehouse to Beeline - Territory;Data Warehouse to Beeline - Users;Data Warehouse to Beeline - Work Location;INT320 Beeline Worker Download to Active Directory (External App),,,,,,,,,,,,Standard,G&A IT,IT Management / IT Asset Maintenance & Support,,Amazon.com / AWS
74be6695-52a3-4565-b04b-4ec7d6661567,ITComponent,Transfer for SFTP,Amazon.com / AWS Transfer for SFTP,,,,,AON to CorePay;Beeline to Global Development - Non-employee Roster;Beeline to Global Development - Non-employee Roster form Ceredian;Beeline to Research IT - Non-employee Roster;Corepay to Oracle General Ledger;Data Warehouse to Dival Safety Boots (External App);INT114  Workday to CorePay - Employee Master Delta;INT116  Workday to CorePay - Employee Master Full;INT118 Workday to Corepay - Salary Rate Delta;INT120 Workday to Corepay - Salary Rate Full;INT145  Workday + Beeline to Veeva (External App) - Termination Data;INT147 Workday to Veeva (External App) - New Hire Data;INT149  Workday to Veeva (External App) - Delta Data;INT163  Workday + Beeline to Enablon (External App);INT187  Workday + Beeline to Icertis;INT225  Workday to CorePay Job Profile Feed;INT264  Tririga to Workday – Workspace Creation-Inbound;INT275  Oracle Data Reconciliation;Oracle Procurement to iCertis - Supplier Data;Oracle to SumTotal - Employee to Organization;OTL to Corepay;Serengeti to Oracle Payables;Veeva (External App) to Data Warehouse;Wageworks to Oracle Payroll - Benefits,,,,,,,,,,,,Evolving,G&A IT,Enterprise Content Management (ECM) / Content Delivery and Distribution,,Amazon.com / AWS
8d49d930-b84e-452d-9ecd-a8b120e5cbfa,ITComponent,AON Application Hosting,AON AON Application Hosting,AON,,,,INT030  Workday to AON (External App) - Worker Data,,,,,,,,,,,,,G&A IT,,,AON
67ed9908-f9ff-44d1-a7fa-b16fd8263f5e,ITComponent,Hive,Apache Software Foundation Hive 3.x,,,,,,,,,,,,,,,,,,,Business Intelligence (BI) / Data Mining and Warehousing,,Apache Software Foundation
e50901cb-fb63-4bb9-b30c-2eb1e5946bdb,ITComponent,Apache Tomcat,Apache Tomcat,CRF Annotation Interactive Automation,,,,,,,,,,,,,,,,,,,,
b27573c0-d50a-4bb9-80fe-32368af791af,ITComponent,API,API,,,,,Data Warehouse to Fusion BCP;EDMCS to Beeline - Departments and Organizations;INT032  Workday to Avature - Job Requistion Data;INT085  Avature to Workday - Candidate Information (PUT CANDIDATE);INT086  Workday to Candex - Candidate Status;INT088  Workday to Candex - Ownership Check;INT090  Workday to Candex - All Requisitions;INT107 Workday to Phenom;INT112  Workday to Conduent (External App) - New York Hiring Reporting;INT174  Workday to HireRight - Background Check;INT223  Workday to ServiceNow Foundation;INT224  Workday to ServiceNow - HR Profile;INT251 Workday to CorePay - External Job ID;INT252  Workday to Textio - job requisition data;INT261 Workday to Modern Hire;INT262  Workday to ServiceNow Case Creation - Terminations;INT263  Workday to ServiceNow Case Creation - non-termination events;INT267  Workday to Splunk (External App) - User Activity;Sharepoint GD Study Numbers to Data Warehouse;Workday to Benevity (External App);Workday to Oracle - Employee Shell Record;Workday to Workday Employee ID Update (Boomerang),,,,,,,,,,,,,G&A IT,,,
57364d65-fced-4163-b3ac-a63f1cc36719,ITComponent,Appian,Appian Appian,Additional Risk Minimization Measures;Informed Consent Form (ICF) Management,,,,,,,,,,,,,,,,,,,,Appian
7dc6db8b-a17a-43d1-b0ad-ef66bf0bc922,ITComponent,Archie Bot,Archie Bot,Health Authority Correspondence;Sharepoint,,UiPath,,Health Authority Correspondence to SharePoint - HAC Documents,,,,,,,,,RA,,,,,Robotic Process Automation (RPA) (Bot),,
fe178349-cff3-4a79-938f-72b010499a49,ITComponent,Argo CD,Argo Project Argo CD 2.9.x,,,Regeneron Web Services - Digital Platform for App Development,,,,,,,,,,,,,,,,,,Argo Project
0690108d-5498-42b5-91bc-b8c0902a302c,ITComponent,Articulate Application Hosting,Articulate Articulate Application Hosting,Storyline 360,,,,,,,,,,,,,,,,,G&A IT,,,Articulate
4433961b-20b1-45c1-b3a9-486509003283,ITComponent,Articulate SaaS Hosting,Articulate Global Articulate SaaS Hosting,Articulate,,,,,,,,,,,,,,,,,,,,Articulate Global
d4f8405a-8977-4d4f-ac5e-b88773e429c0,ITComponent,Atlassian Confluence SaaS Hosting,Atlassian Atlassian Confluence SaaS Hosting,Atlassian Confluence,,,,,,,,,,,,,,,,,,,,Atlassian
29a500cd-5cbc-4bba-9e0b-9c6fc6252854,ITComponent,Bitbucket Server,Atlassian Bitbucket Server 8.14.x,,,Regeneron Web Services - Digital Platform for App Development,,,,,,,,,,,,,,,,,,Atlassian
34a0a010-68f8-498f-b3b4-73414c4f5c63,ITComponent,Bitbucket Server,Atlassian Bitbucket Server 8.6.x,,,,,,,,,,,,,,,,,,,,,Atlassian
46d15323-d7bd-4072-816b-3535273f6d1a,ITComponent,Jira,Atlassian Jira,Jira BPM Projects,,Jira,,,,,,,,,,,,,,,,,,Atlassian
733552aa-9166-48d9-8c45-75149dd697bc,ITComponent,Jira Service Desk,Atlassian Jira Service Desk,DADS Intake,,Jira,,,,,,,,,,,,,,,,,,Atlassian
cf8e6c62-3a6a-48c6-9b3f-4df039d141b5,ITComponent,Automation of SSN Intake Forms from CRO Bot,Automation of SSN Intake Forms from CRO Bot,,,UiPath,,,,,,,,,,,Quality,,,,,Robotic Process Automation (RPA) (Bot),,
4e309d63-3d21-45a1-8fcc-cdffaf5ac6f5,ITComponent,Application Hosting,Avature Application Hosting,Avature,,,,,,,,,,,,,,,,,G&A IT,,,Avature
f34079bb-ea94-4dd9-972a-2ed5a7bcdcec,ITComponent,Avoma,Avoma Avoma,,,,,,,,,,,,,,,,,,,,,Avoma
0fe64d5d-f800-4ebf-974b-0bdc889903ae,ITComponent,Axway B2Bi,Axway B2Bi,Axway,,,,,,,,,,,,,,,,,,,,
a87ec0f6-710e-454b-b18c-7e64ddd0921d,ITComponent,Hosting,Bank of America Hosting,,,,,Oracle Payables to Bank of America,,,,,,,,,,,,,G&A IT,,,Bank of America
16c8eb01-6351-4ba0-9c8b-c4c6fc0aa554,ITComponent,Beamery SaaS Hosting,Beamery Beamery SaaS Hosting,Beamery Talent CRM,,,,,,,,,,,,,,,,,,,,Beamery
ae02cb86-2c06-491c-9a03-ecfa500c03a6,ITComponent,Beamery Chrome Extension,Beamery Chrome Extension,Beamery Talent CRM,,,Career Site Replacement,,,,,,,,,G&A IT - Human Resources,,,,,G&A IT,,,
c7c1f4cd-240b-4ec2-9c0e-9b512b961442,ITComponent,Application Hosting,Beeline Application Hosting,Beeline,,,,Data Warehouse to Beeline - Cost Centers;Data Warehouse to Beeline - HR Orgs;Data Warehouse to Beeline - Job Titles;Data Warehouse to Beeline - Organizational Unit (OU);Data Warehouse to Beeline - Region;Data Warehouse to Beeline - Territory;Data Warehouse to Beeline - Users;Data Warehouse to Beeline - Work Location,,,,,,,,,,,,,G&A IT,,,Beeline
c914e79b-dd66-4fe3-aa76-151d679404f6,ITComponent,Beeline SaaS Hosting,Beeline Beeline SaaS Hosting,Beeline,,,,,,,,,,,,,,,,,,,,Beeline
f3f8d29a-bd32-448c-bf96-e9424567311f,ITComponent,RaaS,Beeline RaaS,,,,,Beeline to Global Development - Non-employee Roster;Beeline to Global Development - Non-employee Roster form Ceredian;Beeline to Research IT - Non-employee Roster;INT102  Workday + Beeline to Compliance Wire (External App);INT108  Workday + Beeline to Concur - Profile Data;INT110  Workday + Beeline to Concur - Login Data;INT129 Workday + Beeline to SumTotal - Employee Data;INT131 Workday + Beeline to SumTotal - Users to Organizations;INT135 Workday + Beeline to SumTotal - User to Jobs;INT138 Workday + Beeline to CVENT - Approval Limits;INT143  Workday + Beeline to TriRiga;INT145  Workday + Beeline to Veeva (External App) - Termination Data;INT163  Workday + Beeline to Enablon (External App);INT167  Workday + Beeline to Everbridge;INT187  Workday + Beeline to Icertis;INT236 Beeline to Workday - Non Employee Data;INT289 Workday + Beeline to Insights RM (External App);Workday + Beeline to Active Directory (External App);Workday + Beeline to Ceridian EE Out to Filemaker Pro V16 RENS (External App);Workday + Beeline to Ceridian EE Out to Filemaker Pro V18 Tarrytown (External App);Workday + Beeline to Ceridian EE Out to InsightsRM (External App);Workday + Beeline to Ceridian EE Out to SailPoint (External App);Workday + Beeline to Ceridian to Active Directory (External App);Workday + Beeline to Ceridian to Ruby User Table (External App);Workday + Beeline to Dival Safety Boots Tarrytown only (External App);Workday + Beeline to Filemaker Pro Tarrytown & Ruby User Table (External App) V18;Workday + Beeline to Hyland Onbase S&R (External App);Workday + Beeline to IOPS Data Warehouse (Managed by IOPS);Workday + Beeline to RSIGuard (External App);Workday + Beeline to Safety Stratus (External App);Workday + Beeline to Sailpoint (External App);Workday + Beeline to to Ceridian EE Out to Data Warehouse (Master Data);Workday+Beeline to Intuition,,,,,,,,,,,,Contained,G&A IT,,,Beeline
258a9522-640f-43fc-abdc-eb5fcc68da85,ITComponent,Benchling Modalities API,Benchling Modalities API,,,,,,,,,,,,,,,,,,,,,
e8a020d3-3b7d-4196-8d64-416667d8a0c7,ITComponent,Application Hosting,BenefitSolver Application Hosting,BenefitSolver,,,,,,,,,,,,,,,,,G&A IT,,,BenefitSolver
80e0ab69-b59b-4299-9527-57e74a7f78ac,ITComponent,BioRender SaaS Hosting,BioRender BioRender SaaS Hosting,BioRender,,,,,,,,,,,,,,,,,,,,BioRender
3fd1c721-d1b7-48dc-b5d7-d3e7bb038eba,ITComponent,Boomi Integration,Boomi Boomi Integration,,,Regeneron Web Services - Digital Platform for App Development,,"EDMCS to Beeline - Departments and Organizations;INT041 TriRiga to Workday - Worker Assignment;INT102  Workday + Beeline to Compliance Wire (External App);INT108  Workday + Beeline to Concur - Profile Data;INT110  Workday + Beeline to Concur - Login Data;INT129 Workday + Beeline to SumTotal - Employee Data;INT131 Workday + Beeline to SumTotal - Users to Organizations;INT133 Oracle to SumTotal - Job Data;INT135 Workday + Beeline to SumTotal - User to Jobs;INT137  Workday to SumTotal - Organization Data;INT138 Workday + Beeline to CVENT - Approval Limits;INT143  Workday + Beeline to TriRiga;INT145  Workday + Beeline to Veeva (External App) - Termination Data;INT147 Workday to Veeva (External App) - New Hire Data;INT149  Workday to Veeva (External App) - Delta Data;INT163  Workday + Beeline to Enablon (External App);INT167  Workday + Beeline to Everbridge;INT187  Workday + Beeline to Icertis;INT236 Beeline to Workday - Non Employee Data;INT271 Data Warehouse to Beeline - Worker ID Upload;INT271 Data Warehouse to Beeline - Worker ID Upload / INT278  Worker Upload results file;INT275  Oracle Data Reconciliation;INT289 Workday + Beeline to Insights RM (External App);INT632 - SumTotal ILT Calendar Update;Oracle to Workday - Cost Center;Veeva CTMS to gREG - Study, Registrations;Workday + Beeline to Active Directory (External App);Workday + Beeline to CCure (External App);Workday + Beeline to Ceridian EE Out to Filemaker Pro V16 RENS (External App);Workday + Beeline to Ceridian EE Out to Filemaker Pro V18 Tarrytown (External App);Workday + Beeline to Ceridian EE Out to InsightsRM (External App);Workday + Beeline to Ceridian EE Out to SailPoint (External App);Workday + Beeline to Ceridian to Active Directory (External App);Workday + Beeline to Ceridian to Ruby User Table (External App);Workday + Beeline to Dival Safety Boots Tarrytown only (External App);Workday + Beeline to Filemaker Pro Tarrytown & Ruby User Table (External App) V18;Workday + Beeline to Hyland Onbase S&R (External App);Workday + Beeline to IOPS Data Warehouse (Managed by IOPS);Workday + Beeline to RSIGuard (External App);Workday + Beeline to Safety Stratus (External App);Workday + Beeline to Sailpoint (External App);Workday + Beeline to to Ceridian EE Out to Data Warehouse (Master Data);Workday to Oracle - Address Validation;Workday to Oracle - Automate IOPS Assignment Time Information;Workday to Oracle - Employee Shell Record;Workday+Beeline to Intuition",,,,,,,,,,,,,G&A IT,Middleware / Enterprise Integration,,Boomi
aab6dd68-dc74-4258-aa3e-39d788743d59,ITComponent,BOTSON,BOTSON,,,UiPath,,"SharePoint to SharePoint - Excel Binder Report, Clinical Trials Documents",,,,,,,,,RA,,,,,Robotic Process Automation (RPA) (Bot),,
89f7987e-3824-4e5d-9fb9-255d982608ec,ITComponent,BrassRing Application Hosting,BrassRing BrassRing Application Hosting,,,,,,,,,,,,,,,,,,G&A IT,,,BrassRing
dc25bc3f-6402-456b-8844-ba888220b212,ITComponent,Bright Horizon Application Hosting,Bright Horizon Bright Horizon Application Hosting,Bright Horizons,,,,,,,,,,,,,,,,,G&A IT,,,Bright Horizon
faf1abee-3d33-4d65-b356-03f61e5326a7,ITComponent,LifeLock SaaS Hosting,Broadcom / NortonLifeLock LifeLock SaaS Hosting,LifeLock,,,,,,,,,,,,,,,,,,,,Broadcom / NortonLifeLock
4c60e93b-0a09-48cf-bfb7-610ee91d0088,ITComponent,Broadspire Application Hosting,Broadspire Broadspire Application Hosting,Broadspire,,,,,,,,,,,,,,,,,G&A IT,,,Broadspire
5d5a06cb-3b4a-4183-a9ac-c59692bc77b6,ITComponent,Hosting,BTS Hosting,,,,,,,,,,,,,,,,,,G&A IT,,,BTS
e3b667fb-2793-4908-9d84-7da60ce1dc49,ITComponent,Bus Ops SharePoint (Protocol Deviation) to Data Lake Phase 2 Bot,Bus Ops SharePoint (Protocol Deviation) to Data Lake Phase 2 Bot,Operational Data Lake;Sharepoint,,UiPath,,Bus Ops SharePoint to Data Lake (Phase 2) - Protocol Deviation Files,,Business Operations,,,,,,,DO&PM,,,,,Robotic Process Automation (RPA) (Bot),adequate,
53708801-6fa0-4408-921d-28da8025a48e,ITComponent,Bus Ops SharePoint (Study Budget) to Data Lake Phase 1 Bot,Bus Ops SharePoint (Study Budget) to Data Lake Phase 1 Bot,Operational Data Lake;Sharepoint,,UiPath,,Bus Ops SharePoint to Data Lake Phase 1 - Study Budget and eCOA master file,,Business Operations - Analytics,,,,,,,DO&PM,,,,,Robotic Process Automation (RPA) (Bot),adequate,
6e69c6b5-c8a5-4bf8-a502-a84be7ea5d88,ITComponent,Application Hosting,Candex Application Hosting,Candex Agency Portal,,,,,,,,,,,,,,,,,G&A IT,,,Candex
934dc610-6ee5-4a9a-84e5-56f30232757c,ITComponent,CareerBuilder Application Hosting,CareerBuilder CareerBuilder Application Hosting,Broadbean,,,,,,,,,,,,,,,,,G&A IT,,,CareerBuilder
e84bf1db-f840-4a0a-8c2a-b2fdd87bb67c,ITComponent,CDISC SDTM CRF Data Annotation Bot,CDISC SDTM CRF Data Annotation Bot,,,UiPath,,,,BDM;Data Management,,,,,,,BDM,,,,,Robotic Process Automation (RPA) (Bot),adequate,
5ccac943-d764-495d-b0c8-14ef3e36a5e1,ITComponent,CDPHP Application Hosting,CDPHP CDPHP Application Hosting,CDPHP,,,,,,,,,,,,,,,,,G&A IT,,,CDPHP
0d9e367a-d200-41ca-b84e-ab8c64dba53e,ITComponent,Central Labs,Central Labs,,,,,Central Lab to Operational Data Lake (ODL) - Lab Data,,,,,,,,,BDM,,,,,,,
edc0cb20-76f0-4c36-b825-cb435d1af18f,ITComponent,Ceridian File,Ceridian File,,,,,Workday + Beeline to to Ceridian EE Out to Data Warehouse (Master Data),,,,,,,,,,,,,G&A IT,,,
f04fb8e7-707f-4d44-b3b9-8f843ee3cda5,ITComponent,Cigna Application Hosting,Cigna Cigna Application Hosting,Cigna,,,,,,,,,,,,,,,,,G&A IT,,,Cigna
a0504886-4d81-4c87-bec7-612901aecc6f,ITComponent,Clinical Fin Disclosure Report Bot,Clinical Fin Disclosure Report Bot,Veeva - eTMF (Track),,UiPath,,Veeva eTMF to Outlook - Study Daily Report & 1572 information,,Site Start Up,,,,,,,DO&PM,,,,,Robotic Process Automation (RPA) (Bot),adequate,
65491717-4dea-4be5-822a-d4c6059e6ec3,ITComponent,Clinical Logistics Bot,Clinical Logistics Bot,,,UiPath,,,,Clinical Drug Supply and Logistics,,,,,,,DO&PM,,,,,Robotic Process Automation (RPA) (Bot),adequate,
83eeecd4-6e19-40a4-b2ad-b6167770cbc7,ITComponent,Clinical ODR Performance Tracking Bot,Clinical ODR Performance Tracking Bot,Clinical Operational Repository (ODR);Office Suite / Microsoft Outlook,,UiPath,,ODR to Outlook - Notifications,,Business Operations - Analytics,,,,,,,DO&PM,,,,,Robotic Process Automation (RPA) (Bot),,
3a5328c3-f768-4cf2-b5bb-b14b76c03864,ITComponent,Clinical Vault - Site Notification,Clinical Vault - Site Notification,Site Connect,,,,,,,,,,,,,,,,,,,,
6585a649-71ca-44ea-bbc7-61e3898aff17,ITComponent,Compliant Data Platform,Compliant Data Platform,Intelligent Sensor Data Platform,,,,,,,,,,,,,,,,,,,,
754ab335-0ec4-4001-8c3b-8036d6cdc79c,ITComponent,Hosting,Concur Hosting,,,,,Concur to Oracle General Ledger - Expense Report;Concur to Oracle General Ledger - PCard;Concur to Payroll - Expense Report Data;Costar to Oracle General Ledger;INT108  Workday + Beeline to Concur - Profile Data;INT110  Workday + Beeline to Concur - Login Data;Oracle to Concur for Medpro,,,,,,,,,,,,,G&A IT,,,Concur
e424d2c3-2e45-496e-b096-add0a9449d57,ITComponent,ConvergeHealth Safety ETL,ConvergeHealth Safety ETL,ConvergeHealth SRP,,,,,,,,,,,,,GPS,,,,,,adequate,
addc6b39-4ff1-4b84-993d-7fdda1009d16,ITComponent,ConvergeHealth Safety Report Distribution,ConvergeHealth Safety Report Distribution,ConvergeHealth SRP,,,,,,,,,,,,,GPS,,,,,,adequate,
20303a9e-4068-4072-a707-8218dfddafe8,ITComponent,Hosting,Corepay Hosting,,,,,Corepay to Oracle General Ledger;INT114  Workday to CorePay - Employee Master Delta;INT116  Workday to CorePay - Employee Master Full,,,,,,,,,,,,,G&A IT,,,Corepay
6d0e817c-27a2-48e5-967c-a55e2e3bc418,ITComponent,CPP MPP Bot,CPP MPP Bot,Qlik (Qlikview & QlikSense);Sharepoint,,UiPath,,QlikSense to Sharepoint - Study Daily Report,,Clinical Project Planning,,,,,,,DO&PM,,,,,Robotic Process Automation (RPA) (Bot),adequate,
1d4e87dc-d36a-4109-aee0-b69383777607,ITComponent,CTIS Transcribing Information Bot,CTIS Transcribing Information Bot,CTIS (Clinical Trials Information System);Proofpoint Secure Share,,UiPath,,"ProofPoint Secure Share to CTIS - Clinical Study Reports, Translation files",,1455 - Regulatory Affairs EU,,,,,,,DO&PM,,,,,Robotic Process Automation (RPA) (Bot),,
6e11dd95-6b1b-40a1-b600-72382e515d64,ITComponent,Go-No-Go,Cytel Go-No-Go,East,,,,,,BDM,,,,,,,BDM;ECD,,,,,,adequate,Cytel
a882fa6b-f71d-425f-b3fb-a8b5f6e8548d,ITComponent,Database Results,Database Results,,,,,"Hubble to Oracle eBS;Legacy PBCS to Oracle eBS - FIDS;Legacy PBCS to Oracle eBS - GL, AP, PO;Oracle EBS to Legacy PBCS - Employee",,,,,,,,,,,,,G&A IT,,,
ad172bbc-9846-48ea-8cfe-d665dc24672c,ITComponent,Database Views,Database Views,,,,,Data Warehouse to Beeline - Cost Centers;Data Warehouse to Beeline - HR Orgs;Data Warehouse to Beeline - Job Titles;Data Warehouse to Beeline - Organizational Unit (OU);Data Warehouse to Beeline - Region;Data Warehouse to Beeline - Territory;Data Warehouse to Beeline - Users;Data Warehouse to Beeline - Work Location;Data Warehouse to CCure (External App);Data Warehouse to Dival Safety Boots (External App);Data Warehouse to Hyland Onbase - S&R;Data Warehouse to IOPS Data Warehouse (External App);Data Warehouse to RPA (External App);Data Warehouse to RSIGuard Ergonomics (External App);Data Warehouse to Safety Stratus (External App) - Supplier Data for EHS;Oracle EBS to EPBCS Workforce - Compensation Data for Existing Employee;Oracle to Data Warehouse - Supplier Data;TriRiga to Data Warehouse - Building Locations - NEMO;Workday + Beeline to to Ceridian EE Out to Data Warehouse (Master Data),,,,,,,,,,,,,G&A IT,,,
900d14ba-c78f-43b2-913b-8a8d69af5f16,ITComponent,Decare Dental Application Hosting,Decare Dental Decare Dental Application Hosting,Decare Dental,,,,,,,,,,,,,,,,,G&A IT,,,Decare Dental
a85ae2ec-3ce9-42b6-9148-484589f5035f,ITComponent,Decryption,Decryption,,,,,,,,,,,,,G&A IT - Human Resources,,,,,G&A IT,,,
137e4929-c8b0-46e0-b26c-84964948fbd7,ITComponent,Delta Dental Application Hosting,Delta Dental Delta Dental Application Hosting,Delta Dental,,,,,,,,,,,,,,,,,G&A IT,,,Delta Dental
8b1bab3b-7212-4430-b683-7f6271a53677,ITComponent,DirectEmployers Application Hosting,DirectEmployers DirectEmployers Application Hosting,DirectEmployers,,,,,,,,,,,,,,,,,G&A IT,,,DirectEmployers
b280983e-a0d1-4652-bb13-215f2a64d6e1,ITComponent,DocuBridge viewer instance,DocuBridge viewer instance,DocuBridge,,,,,,Regulatory,,,,,,,RA,,,,,,,
6d9ae347-e07f-4a9f-b338-99725d0be80e,ITComponent,Dotmatics SaaS Hosting,Dotmatics Dotmatics SaaS Hosting,Dotmatics,,,,,,,,,,,,,,,,,,,,Dotmatics
838f81c4-9da7-45cb-aa26-ac74cccadb2b,ITComponent,Druva SaaS Hosting,Druva Druva SaaS Hosting,Druva,,,,,,,,,,,,,,,,,,,,Druva
d7c9130b-d28f-4992-aab1-eba3cca7c08b,ITComponent,Application Hosting,EdAssist Application Hosting,EdAssist,,,,,,,,,,,,,,,,,G&A IT,,,EdAssist
e0ec8122-ca4b-4000-a44c-160a6bf4c024,ITComponent,ElevateSafety,ElevateSafety,ConvergeHealth SRP,,,,,,,,,,,,,,,,,,,,
24417681-38bd-44a1-99c6-79aa700f2a6f,ITComponent,Empower SaaS Hosting,Empower Finance Empower SaaS Hosting,Empower,,,,,,,,,,,,,,,,,,,,Empower Finance
11322af7-de8a-46fa-9afb-7d9cd31414a4,ITComponent,iEnvision,Envision Pharma iEnvision,Datavision - iEnvision,,,,,,,,,,,,,,,,,,,,Envision Pharma
ff3882d6-f84b-4378-97e1-b84e9e6af6c7,ITComponent,Erwin Data Modeler,Erwin Data Modeler,OSDH (One source data hub),,,,,,,,,,,,,DO&PM,,,,,,,
9d8c0d27-1f1e-47be-af1d-497efdc9f9a5,ITComponent,ESR Excel,ESR Excel,Benevity ESR,,,,,,ESR,,,,,,,MA,,,,,,adequate,
49b2f3b1-0f45-4ec6-8ac6-7fc10cec574e,ITComponent,ESR SP,ESR SP,Benevity ESR,,Sharepoint,,ESR SP to Benevity ESR - Study Tracking;ESR SP to Compass - Monthly Study Data;ESR SP to Pharmaspectra - Data Extracts;ESR SP to WCG Safety Portal - Monthly Study Data,,ESR,,,,,,,MA,,,,,,adequate,
8fa8be4d-9000-440d-8be1-6e1eeb7cf723,ITComponent,eTMF Document Mapping (Study ID) Bot,eTMF Document Mapping (Study ID) Bot,Veeva - eTMF (Track),,UiPath,,Veeva eTMF to Veeva eTMF - Study Documents,,Global Clinical Operations Services - Documentation,,,,,,,DO&PM,,,,,Robotic Process Automation (RPA) (Bot),adequate,
fe4cf698-c17b-46f3-918f-73551bc96e0c,ITComponent,Fidelity Application Hosting,Fidelity Fidelity Application Hosting,Fidelity NetBenefits,,,,,,,,,,,,,,,,,G&A IT,,,Fidelity
9c08c244-80ac-4fd2-8de6-e91f72e058ce,ITComponent,Fidelity PSW SaaS Hosting,Fidelity Investments Fidelity PSW SaaS Hosting,Fidelity PSW,,,,,,,,,,,,,,,,,,,,Fidelity Investments
34207718-4312-4e5b-bb37-f6b17d10378a,ITComponent,Figma SaaS Hosting,Figma Figma SaaS Hosting,,,Regeneron Web Services - Digital Platform for App Development,,,,,,,,,,,,,,,,,,Figma
1aa7c605-c427-4b20-9ac2-5807c5ca3430,ITComponent,File,File,,File / CSV;File / DAT;File / TXT,,,Active Directory (External App) to Data Warehouse;Active Directory (External App) to Oracle Core HR;CCure (External App) to Data Warehouse;Concur to Medpro;Concur to Oracle General Ledger - Expense Report;Concur to Oracle General Ledger - PCard;Concur to Payroll - Expense Report Data;Corepay to Oracle General Ledger;Costar to Oracle General Ledger;Data Warehouse to Beeline - Cost Centers;Data Warehouse to Beeline - HR Orgs;Data Warehouse to Beeline - Job Titles;Data Warehouse to Beeline - Organizational Unit (OU);Data Warehouse to Beeline - Region;Data Warehouse to Beeline - Territory;Data Warehouse to Beeline - Users;Data Warehouse to Beeline - Work Location;Data Warehouse to Dival Safety Boots (External App);Data Warehouse to Hyland Onbase - S&R;Data Warehouse to RSIGuard Ergonomics (External App);Data Warehouse to Safety Stratus (External App) - Supplier Data for EHS;Data Warehouse to Zycus iAnalyze;INT002  Workday to Achievers - Worker Data;INT003  Workday to Lawlogix - New Hire;INT005 - Out - Workday to Lawlogix - Employee Changes Feed - EIB;INT030  Workday to AON (External App) - Worker Data;INT040  Workday to Beeline Employee Data;INT084  Workday to Businessolver - Worker Data;INT093  Workday to Payfactors - Work Structure Data;INT094 DataWarehouse to Benevity (External App);INT095  Workday to Payfactors - Paymarkets Data;INT099  Workday to Payfactors - Work Structure Mapping;INT102  Workday + Beeline to Compliance Wire (External App);INT108  Workday + Beeline to Concur - Profile Data;INT110  Workday + Beeline to Concur - Login Data;INT112  Workday to Conduent (External App) - New York Hiring Reporting;INT114  Workday to CorePay - Employee Master Delta;INT116  Workday to CorePay - Employee Master Full;INT129 Workday + Beeline to SumTotal - Employee Data;INT131 Workday + Beeline to SumTotal - Users to Organizations;INT133 Oracle to SumTotal - Job Data;INT135 Workday + Beeline to SumTotal - User to Jobs;INT137  Workday to SumTotal - Organization Data;INT138 Workday + Beeline to CVENT - Approval Limits;INT145  Workday + Beeline to Veeva (External App) - Termination Data;INT147 Workday to Veeva (External App) - New Hire Data;INT149  Workday to Veeva (External App) - Delta Data;INT162  Workday to EdAssist - Worker Data;INT163  Workday + Beeline to Enablon (External App);INT167  Workday + Beeline to Everbridge;INT169  Workday to Fidelity - Worker Data;INT172  Workday to Grainger (External App) Employee Data;INT176  Workday to Hyland - Worker Full Feed;INT177  Workday to Hyland - Worker Delta Feed;INT181  Workday to IC portal (External App) - LOA Data;INT182  Workday to IC portal (External App) - Transfer Data;INT183  Workday to IC portal (External App) - Promotion Data;INT184  Workday to IC portal (External App) - Term Data;INT185  Workday to IC portal (External App) - New Hire Data;INT186  Workday to IC portal (External App) - Roster Data;INT187  Workday + Beeline to Icertis;INT204  Workday to Broadspire - Worker Data;INT225  Workday to CorePay Job Profile Feed;INT253 Workday to Glint - Employee Feed;INT264  Tririga to Workday – Workspace Creation-Inbound;INT265  Workday to Avature - Candidate Status;INT271 Data Warehouse to Beeline - Worker ID Upload;INT275  Oracle Data Reconciliation;INT284 Workday to Journey Live - Worker Data;INT289 Workday + Beeline to Insights RM (External App);INT320 Beeline Worker Download to Active Directory (External App);INT632 - SumTotal ILT Calendar Update;JPMC to Oracle Cash Management;Legacy PBCS to Oracle eBS - FIDS;Lenel (External App) to Data Warehouse;Oracle Accounts Payable to ModelN (External Application);Oracle Compensation to Equity Edge - Taxes;Oracle Compensation to Equity Edge - Wages;Oracle General Ledger to Changepoint (External App);Oracle Payables to Changepoint (External App) - Invoice Payments;Oracle Payables to JPMC - Positive Pay;Oracle Payables to MedPro;Oracle Procurement to Changepoint (External App);Oracle Procurement to iCertis - Supplier Data;Oracle to SumTotal - Employee;Oracle to SumTotal - Employee to Job;Oracle to SumTotal - Employee to Organization;Oracle to SumTotal - Jobs;Oracle to SumTotal - Organizations;OTL to Corepay;P2000 (External App) to Data Warehouse;Reval to Oracle General Ledger - Currency;Reval to Oracle General Ledger - GL;Serengeti to Oracle Payables;Sharepoint GD Study Numbers to Data Warehouse;TriRiga to Data Warehouse - Assets;TriRiga to Data Warehouse - Building Locations - BCP;TriRiga to Data Warehouse - Building Locations - NEMO;Workday + Beeline to Ceridian EE Out to Filemaker Pro V16 RENS (External App);Workday + Beeline to Ceridian EE Out to Filemaker Pro V18 Tarrytown (External App);Workday + Beeline to Ceridian EE Out to InsightsRM (External App);Workday + Beeline to Ceridian EE Out to SailPoint (External App);Workday + Beeline to Ceridian to Active Directory (External App);Workday + Beeline to Ceridian to Ruby User Table (External App);Workday + Beeline to to Ceridian EE Out to Data Warehouse (Master Data);Workday to Dival Safety Boots (External App);Workday to Payfactors - Compensation,,,,,,,,,,,,,G&A IT,,,
40852b86-5cb4-4ed0-a7bd-eafad6b242e0,ITComponent,CSV,File / CSV,,,,,Data Warehouse to Zycus iAnalyze;EDMCS to Beeline - Departments and Organizations;INT294 - Out - Workday to Graebel - Candidate Data Feed - EIB;INT296 - Out - Workday to Gift Vendor - Employee Address Data Feed - EIB;Workday + Beeline to Active Directory (External App);Workday + Beeline to Filemaker Pro Tarrytown & Ruby User Table (External App) V18;Workday + Beeline to RSIGuard (External App);Workday + Beeline to Sailpoint (External App);Workday to Beeline - HR Orgs;Workday to Beeline - Region (Sup Org);Workday to Beeline - Territory,,,,,,,,,,,,,G&A IT,,,
872d446b-72d8-4703-ac4d-4b8a8cd31825,ITComponent,DAT,File / DAT,,,,,,,,,,,,,,,,,,G&A IT,,,
bb2f81e8-f2a1-4f25-a229-ddf41dc88d8d,ITComponent,TXT,File / TXT,,,,,,,,,,,,,,,,,,G&A IT,,,
3b250e7b-a4ff-4c7a-b778-b25339eeb9c2,ITComponent,GD REGNU Training Bot,GD REGNU Training Bot,,,UiPath,,REGNU to QlikSense - Training Non-compliance Report,,Global Development Training,,,,,,,DO&PM,,,,,Robotic Process Automation (RPA) (Bot),adequate,
1a0f4161-ff40-4220-9957-93c3f5679c92,ITComponent,GD TalentHub Training Bot,GD TalentHub Training Bot,,,UiPath,,TalentHub to QlikSense - Training Non-compliance Report,,Global Development Training,,,,,,,DO&PM,,,,,Robotic Process Automation (RPA) (Bot),adequate,
44bda23c-cd4e-49c5-986f-3feee8899590,ITComponent,GDT Training Material Testing Bot,GDT Training Material Testing Bot,,,UiPath,,,,,,,,,,,DO&PM,,,,,Robotic Process Automation (RPA) (Bot),,
df1a76b2-d873-4f86-ad10-8d0b4c31ab34,ITComponent,Glassdoor Application Hosting,Glassdoor Glassdoor Application Hosting,Glassdoor,,,,,,,,,,,,,,,,,G&A IT,,,Glassdoor
42592a78-0a0a-4967-adfa-a8e8175d99fe,ITComponent,Glassdoor SaaS Hosting,Glassdoor Glassdoor SaaS Hosting,Glassdoor,,,,,,,,,,,,,,,,,,,,Glassdoor
d78d97ad-f1fe-4bcd-a902-bb44e7b5145a,ITComponent,Glint Application Hosting,Glint Glint Application Hosting,Glint,,,,,,,,,,,,,,,,,G&A IT,,,Glint
531b24ad-102d-42ed-a7c5-5dbfbbf6a106,ITComponent,Vyond SaaS Hosting,GoAnimate Vyond SaaS Hosting,Vyond,,,,,,,,,,,,,,,,,,,,GoAnimate
af68ac7d-44ef-49d8-bd69-37f543c0f867,ITComponent,Grafana,Grafana Labs Grafana 9.5.x,,,Regeneron Web Services - Digital Platform for App Development,,,,,,,,,,,,,,,,,,Grafana Labs
c978afc9-62ab-418f-9a29-07a2fa58344f,ITComponent,Grants and funding management system (GFMS),Grants and funding management system (GFMS),Educational Funding Management System (EFMS),,,,,,,,,,,,,MA,,,,,,,
2912e5c8-dc80-44d1-8818-0b9e5c15df08,ITComponent,Hartford Application Hosting,Hartford Hartford Application Hosting,Hartford,,,,,,,,,,,,,,,,,G&A IT,,,Hartford
8f345f3b-b01e-4573-9bf7-d13307e82dd3,ITComponent,Health Advocate Application Hosting,Health Advocate Health Advocate Application Hosting,,,,,,,,,,,,,,,,,,G&A IT,,,Health Advocate
853d7f3f-71c6-4893-8246-98a4969b3305,ITComponent,HireEZ Application Hosting,HireEZ HireEZ Application Hosting,HireEZ (Hiretual),,,,,,,,,,,,,,,,,G&A IT,,,HireEZ
6cc1963b-ab6c-43a8-88cc-b5bf494d0142,ITComponent,HireRight Application Hosting,HireRight HireRight Application Hosting,HireRight,,,,,,,,,,,,,,,,,G&A IT,,,HireRight
0d04a6d5-44fc-42bd-b386-1e5d77e68b52,ITComponent,HireRight SaaS Hosting,HireRight HireRight SaaS Hosting,HireRight,,,,,,,,,,,,,,,,,,,,HireRight
c7fd762e-1736-4e71-b7e7-7149c735191e,ITComponent,hireEZ SaaS Hosting,HireTeamMate hireEZ SaaS Hosting,HireEZ (Hiretual),,,,,,,,,,,,,,,,,,,,HireTeamMate
b553a6b9-0cab-4319-8be2-46e3043451be,ITComponent,Modern Hire SaaS Hosting,HireVue / Modern Hire Modern Hire SaaS Hosting,Modern Hire,,,,,,,,,,,,,,,,,,,,HireVue / Modern Hire
af495ac7-c685-4c75-88c9-94c84ce96103,ITComponent,HMAA Application Hosting,HMAA HMAA Application Hosting,HMAA,,,,,,,,,,,,,,,,,G&A IT,,,HMAA
2095703b-7d6e-4b21-a79a-4c40f6689cdc,ITComponent,Hubble,Hubble,,,,,Hubble to Oracle eBS,,,,,,,,,,,,,G&A IT,,,
57c7ea94-dceb-463a-b81f-ba877857ce62,ITComponent,Hunter Warfield Application Hosting,Hunter Warfield Hunter Warfield Application Hosting,Hunter Warfield,,,,,,,,,,,,,,,,,G&A IT,,,Hunter Warfield
f04d67ff-36eb-49fc-8ba6-ab948c661d59,ITComponent,Hyland Application Hosting,Hyland Hyland Application Hosting,Hyland Onbase  [Platform];Lawlogix Guardian,,,,,,,,,,,,,,,,,G&A IT,,,Hyland
6ba7471f-73b1-401d-88f1-c3b88416f344,ITComponent,Onbase Mobile App,Hyland Onbase Mobile App,Hyland Onbase  [Platform] / Hyland Onbase Shipping and Receiving,,,,,,,,,,,,,,,,,G&A IT,,,Hyland
f7421aeb-4dac-4a82-863f-4f29d52dfe37,ITComponent,Hyland OnBase SaaS Hosting,Hyland Software Hyland OnBase SaaS Hosting,Hyland Onbase  [Platform],,,,,,,,,,,,,,,,,,,,Hyland Software
28c93d22-7b13-4335-ad58-cb047d4fb229,ITComponent,Unity Client,Hyland Unity Client,Hyland Onbase  [Platform] / Hyland Onbase EDM,,,,,,,,,,,,,,,,,G&A IT,,,Hyland
2af243e7-502c-4fae-8493-a0d13ccae448,ITComponent,Imaging,Imaging,,,,,Imaging to Flywheel - Images;Imaging to iPACS - Images,,,,,,,,,BDM,,,,,,,
3a1fb7c1-098a-4a23-bd30-fc31bf3e4c80,ITComponent,Indeed Application Hosting,Indeed Indeed Application Hosting,Indeed,,,,,,,,,,,,,,,,,G&A IT,,,Indeed
d311ba8b-2c93-459c-aa3b-0bc7b6a34a74,ITComponent,Indeed SaaS Hosting,Indeed.com Indeed SaaS Hosting,Indeed,,,,,,,,,,,,,,,,,,,,Indeed.com
645536b3-71aa-476e-8796-c7a433676b07,ITComponent,Informatica,Informatica,,,,,Data Warehouse to Fusion BCP,,,,,,,,,,,,,G&A IT,,,
4ceba98d-ce0f-4527-97f3-1f24fe209a2b,ITComponent,Informatica Master Data Management,Informatica Informatica Master Data Management,Master Data Management (MDM),,,,,,,,,,,,,,,,,,,,Informatica
79d3eccc-f204-4c2d-a172-74a92426e4a5,ITComponent,Informatica SaaS Hosting,Informatica Informatica SaaS Hosting,Informatica,,,,,,,,,,,,,,,,,,,,Informatica
4664a855-0020-476b-8f8a-e0d02ef697dd,ITComponent,Informatica Secure Agent,Informatica Informatica Secure Agent,Master Data Management (MDM),,,,,,,,,,,,,,,,,,,,Informatica
38dbdf25-2b71-4196-8019-dcf04033582d,ITComponent,Integration - Discovery PPM and Dotmatics,Integration - Discovery PPM and Dotmatics,Discovery Pipeline PPM;Dotmatics,,,,,,,,,,,,,,,,,,,,
3caffb5a-e236-4bc2-bf06-62e429c300d2,ITComponent,Intuition LMS,Intuition LMS,,,,,,,,,,,,,,,,,,,,,
28897e86-d151-47e5-92f2-2688b28a3a29,ITComponent,Invesco Application Hosting,Invesco Invesco Application Hosting,Invesco,,,,,,,,,,,,,,,,,G&A IT,,,Invesco
6603897a-8b1d-4ebf-ac28-0ba22043d652,ITComponent,Java,Java,CRF Annotation Interactive Automation,,,,,,,,,,,,,,,,,,,,
9949755c-001f-47f3-9fb6-928a41bf0ac3,ITComponent,Hosting,JP Morgan Chase Hosting,,,,,JPMC to Oracle Cash Management;Oracle Payables to JPMC - ACH;Oracle Payables to JPMC - Checks to Print;Oracle Payables to JPMC - Positive Pay,,,,,,,,,,,,,G&A IT,,,JP Morgan Chase
55d091ae-7b80-4e50-986c-49bcd6df027f,ITComponent,JSF,JSF,Datavision - iEnvision,,,,,,,,,,,,,,,,,,,,
16a57eb2-9774-4402-a247-78c24a8f8458,ITComponent,JSON,JSON,,,,,,,,,,,,,,,,,,G&A IT,,,
388ee48e-a50a-49b4-b6f8-e517e743af8c,ITComponent,Kahoot,Kahoot Kahoot,,,,,,,,,,,,,,,,,,,,,Kahoot
a59819c6-69c6-431c-9dee-28c738a1d08d,ITComponent,Kinaxis RapidResponse,Kinaxis Kinaxis RapidResponse,Kinaxis Maestro Advanced Planning System (APS),,,,,,,,,,,,,,,,,,,,Kinaxis
421b24a3-f2cf-4eaa-bd35-3ed5977e3b71,ITComponent,Komodo Sentinel,Komodo Sentinel,,,,,Scientific DataLake to Sentinel Platform -,,,,,,,,,MA,,,,,,adequate,
2749b1b0-5187-4c37-85bc-9b2aff70e6ae,ITComponent,Kong 3.6,Kong 3.6,Return to Office Smart Mobile App,,Regeneron Web Services - Digital Platform for App Development,,,,,,,,,,,,,,,,,,
983a8486-0675-4908-a9f1-e91fb94b3326,ITComponent,Legal Club of America Application Hosting,Legal Club of America Legal Club of America Application Hosting,Legal Club of America,,,,,,,,,,,,,,,,,G&A IT,,,Legal Club of America
42008f69-8858-4395-85bf-be79311066b6,ITComponent,Liberty Mutual Application Hosting,Liberty Mutual Liberty Mutual Application Hosting,Liberty Mutual,,,,,,,,,,,,,,,,,G&A IT,,,Liberty Mutual
361d502b-0aa4-486e-bf43-bf1b227e9f85,ITComponent,LinkedIn Application Hosting,LinkedIn LinkedIn Application Hosting,LinkedIn Learning;LinkedIn Recruiter,,,,,,,,,,,,,,,,,G&A IT,,,LinkedIn
a9887b8d-81cc-4371-95f4-5131e76f591a,ITComponent,Jenkins,Linux Foundation / CD Foundation Jenkins 2.448,,,Regeneron Web Services - Digital Platform for App Development,,,,,,,,,,,,,,,,,,Linux Foundation / CD Foundation
db8367a3-e8f2-4c21-af24-00364c3347c4,ITComponent,Managed Access Programs Drug Use Bot,Managed Access Programs Drug Use Bot,,,UiPath,,,,,,,,,,,MA,,,,,Robotic Process Automation (RPA) (Bot),,
06da716f-b99b-4aab-b633-b24dae240a51,ITComponent,Manhattan Associates Warehouse Management,Manhattan Associates Manhattan Associates Warehouse Management,Manhattan Warehouse Management System (WMS),,,,,,,,,,,,,,,,,,,,Manhattan Associates
33a62e9c-350a-46de-8409-4c566d261858,ITComponent,Medical Safety Mailbox,Medical Safety Mailbox,Office Suite / Microsoft Outlook,,,,,,,,,,,,,GPS,,,,,,,
4342438d-8e50-4e7f-a697-248a0a30f440,ITComponent,Medidata Rave,Medidata Rave,RAVE EDC,,,,,,,,,,,,,,,,,,,,
aaa8b7de-c784-4455-a130-8d89efaa3a00,ITComponent,Hosting,MedPro Hosting,,,,,Oracle Payables to MedPro,,,,,,,,,,,,,,,,MedPro
ea385a75-370d-42ba-b64e-be6a4944b45b,ITComponent,Mercer Application Hosting,Mercer Mercer Application Hosting,Mercer Oneview,,,,,,,,,,,,,,,,,G&A IT,,,Mercer
de4192f2-ad90-499c-b6f5-1751306fc3f3,ITComponent,React,Meta React 16.0.x,,,Regeneron Web Services - Digital Platform for App Development,,,,,,,,,,,,,,,,,,Meta
d78aaa0d-b68c-4e87-8e4a-ab90a00b49c8,ITComponent,MetLife Application Hosting,MetLife Legal Plans MetLife Application Hosting,MetLife Legal Plans,,,,,,,,,,,,,,,,,G&A IT,,,MetLife Legal Plans
eb08adda-7e48-4166-a8f7-a91f4da58d38,ITComponent,Learning SaaS Hosting,Microsoft / LinkedIn Learning SaaS Hosting,LinkedIn Learning,,,,,,,,,,,,,,,,,,,,Microsoft / LinkedIn
5cf9d719-99d9-4305-a3d2-fe27536c0b56,ITComponent,Recruiter SaaS Hosting,Microsoft / LinkedIn Recruiter SaaS Hosting,LinkedIn Recruiter,,,,,,,,,,,,,,,,,,,,Microsoft / LinkedIn
c5010f7c-411a-40ff-838f-79c2b6fb1339,ITComponent,Microsoft 365,Microsoft 365,,,,,,,,,,,,,,,,,,,,,
f342e723-79b8-4284-a9a2-6dbf5aaaa8ec,ITComponent,Microsoft Access,Microsoft Access,,,,,Active Directory (External App) to Data Warehouse;CCure (External App) to Data Warehouse;Lenel (External App) to Data Warehouse;P2000 (External App) to Data Warehouse,,,,,,,,,,,,End of Life,G&A IT,,,
927f7280-5f5e-44bd-877c-3121b4bf0f17,ITComponent,Microsoft Bookings with Me,Microsoft Bookings with Me,Beamery Talent CRM,,,Career Site Replacement,,,,,,,,,,,,,,,,,
a64d7e95-c12c-49b1-ad6b-a96f29bd6f56,ITComponent,Microsoft Azure (Non REGN),Microsoft Microsoft Azure (Non REGN),Metrics That Matters (MTM),,,,,,,,,,,,,,,,,,,,Microsoft
49a4ac2a-5a0d-4dc5-b257-16355a47a59c,ITComponent,Microsoft Excel SaaS Hosting,Microsoft Microsoft Excel SaaS Hosting,Microsoft Excel,,,,,,,,,,,,,,,,,,,,Microsoft
5d33f312-7d26-4d86-ac3f-38a321e4e108,ITComponent,Microsoft Viva Glint SaaS Hosting,Microsoft Microsoft Viva Glint SaaS Hosting,Glint,,,,,,,,,,,,,,,,,,,,Microsoft
903ad460-c084-4d90-84d8-3dfbe2129a0b,ITComponent,Office Excel,Microsoft Office Excel Standard 2016,,,,,Beeline to Oracle EBS (WebADI);INT120 Workday to Corepay - Salary Rate Full,,,,,,,,,,,,,G&A IT,Productivity / Spreadsheets,,Microsoft
8aa2054f-6075-4a90-9b1d-1d857bf45191,ITComponent,OneNote SaaS Hosting,Microsoft OneNote SaaS Hosting,Microsoft OneNote,,,,,,,,,,,,,,,,,,,,Microsoft
27825a94-3652-4917-9cf5-ecfda3f90a5d,ITComponent,Project Online Desktop Client SaaS Hosting,Microsoft Project Online Desktop Client SaaS Hosting,Microsoft Project,,,,,,,,,,,,,,,,,,,,Microsoft
c1dd7feb-e17a-438e-8924-a57bdaaa4a8a,ITComponent,SQL Server,Microsoft SQL Server 2016,,,,,,,,,,,,,,,,,,,,,Microsoft
585afb36-7513-47d7-9961-8cf3f2925d9c,ITComponent,SQL Server SaaS Hosting,Microsoft SQL Server SaaS Hosting,Datavision - iEnvision,,,,Data Warehouse to CCure (External App),,,,,,,,,,,,,G&A IT,Database Management Systems (DBMS) / Relational Database,,Microsoft
d3106a85-3594-4a43-a2ed-9b10ed1a9214,ITComponent,Windows Server,Microsoft Windows Server 2016,PAS-X Manufacturing Execution System (MES) Rensselaer,,,,,,,,,,,,,,,,,,,,Microsoft
92d5e10e-9416-4b6c-909c-e7443a47a701,ITComponent,Milvus Vector DB,Milvus Vector DB,,,,,,,,,,,,,,,,,,,,,
78af04c2-c011-43c9-a802-ed6964e82b9c,ITComponent,Mobile App,Mobile App,Journey Live;Maven Clinic Platform;Workday [Platform],,,,,,,,,,,,,,,,,G&A IT,,,
e43a5d9e-43c4-4ca2-95da-d27ca5021843,ITComponent,Modern Hire Application Hosting,Modern Hire Modern Hire Application Hosting,Modern Hire,,,,,,,,,,,,,,,,,G&A IT,,,Modern Hire
5d644a00-22b7-45e9-b651-6f5a589aea71,ITComponent,Momentive Application Hosting,Momentive Momentive Application Hosting,,,,,,,,,,,,,,,,,,G&A IT,,,Momentive
4d3ea4a6-dfef-42da-b172-040b4c44ab95,ITComponent,MyFamilyCare Application Hosting,MyFamilyCare MyFamilyCare Application Hosting,My Family Care,,,,,,,,,,,,,,,,,G&A IT,,,MyFamilyCare
7c83b86c-6c6a-4776-896a-9f09f23dd3a6,ITComponent,Nationwide Application Hosting,Nationwide Nationwide Application Hosting,Nationwide,,,,,,,,,,,,,,,,,G&A IT,,,Nationwide
926c10d8-5580-49e5-abdf-b2bb72d0088d,ITComponent,Network Share,Network Share,,,,,Oracle Finance to Data Warehouse;Workday + Beeline to to Ceridian EE Out to Data Warehouse (Master Data),,,,,,,,,,,,,G&A IT,,,
ff413b62-bbf4-41cd-87a0-e6e34f1f9940,ITComponent,Nexus IQ - release 178,Nexus IQ - release 178,,,Regeneron Web Services - Digital Platform for App Development,,,,,,,,,,,,,,,,,,
6d052934-16b7-49a5-90de-d523ba6483bb,ITComponent,Node JS,Node JS,Intelligent Sensor Data Platform,,,,,,,,,,,,,,,,,,,,
214d4bf3-7104-456a-b4b2-245cc97b33c5,ITComponent,Noetix,Noetix,,,,,Hubble to Oracle eBS,,,,,,,,,,,,,G&A IT,,,
738eb4b5-2a63-44fe-b27a-9d11915afbc2,ITComponent,Norton Application Hosting,Norton Norton Application Hosting,LifeLock,,,,,,,,,,,,,,,,,G&A IT,,,Norton
a943715e-a06d-4ae5-a334-ffd888d345fb,ITComponent,NPI Registry,NPI Registry,,,,,NPI Registry to MDM - Investigator,,,,,,,,,DO&PM,,,,,,,
d7f64cab-14a0-4961-8a7d-0f13326c61a9,ITComponent,SSO,Okta SSO,3D Slicer for Imaging;ABAC Risk Center KYBP;Acceleration Point;Achievers;Acquia DAM;Additional Risk Minimization Measures;Alation;ALR (Automated Literature Review);Argus;Aroma;Avature;Axway;Beamery Talent CRM;BenefitSolver;Benevity ESR;Boomi;Compa Offers;Concur;ConvergeHealth SRP;CRF Annotation Interactive Automation;CVENT;DADS Intake;Databricks;Datavision - iEnvision;DeepL Translation Service;EdAssist;Educational Funding Management System (EFMS);Eversana Techsol;Firecrest;Flywheel.io;GD-IT Time Tracking Tool;Genesis Playbook;GPS-Veeva-Safety Document Management System;Graebel globalCONNECT;GTO Data Ingestion Forms;Head Count Tracker;HR4U [Platform] / HR Service Delivery (HR4U);Human Sample Request;Icertis;Informed Consent Form (ICF) Management;Intuition AE/PC LMS;J-Review Web;Jira BPM Projects;Knowledge Management;LeanIX;LinkedIn Recruiter;Master Data Management (MDM);Metrics That Matters (MTM);NCP;Planview Changepoint;PV Signal (SMART);Qualtrics;RAVE EDC;REGN Career Site;Scientific Communication Platform (SCP);Sedgwick;Simpleshow;Site Connect;Site Contact Information;Trial Summaries Portal;TriloDocs;Truveta Studio;Veeva Medical CRM Global;Veeva Medical CRM US;Veeva – MedComms;WCG Safety IAL Portal;WhatFix;Workday [Platform],,,Career Site Replacement,,,,,,,,,,,,,,G&A IT,,,Okta
e42f526a-7921-43a9-86e8-e9a3d3bbd059,ITComponent,Cookie Consent SaaS Hosting,OneTrust Cookie Consent SaaS Hosting,REGN Career Site,,,Career Site Replacement,,,,,,,,,,,,,,,,,OneTrust
1d4cf630-b469-489c-b744-5caa3d332517,ITComponent,OneTrust,OneTrust OneTrust,Clinical Trials Site - Corporate;Regeneron Medical Portal,,,,,,,,,,,,,,,,,,,,OneTrust
be58279a-f689-4fb1-862d-8f1f1da62b64,ITComponent,Optum Application Hosting,Optum Optum Application Hosting,OptumRX,,,,,,,,,,,,,,,,,G&A IT,,,Optum
cb1f1384-d473-4ae5-aac4-91ad4d31dc65,ITComponent,Oracle Argus,Oracle Argus,Argus,,,,,,,,,,,,,,,,,,,,
66f4723f-e9ac-4ff4-80ff-f5d1426b3df8,ITComponent,Concurrent Program,Oracle Concurrent Program,EY Global Tax Platform 1.0,,,,Achievers to Oracle;Active Directory (External App) to Oracle Core HR;Beeline to Oracle EBS (Automated);Concur to Medpro;Concur to Oracle General Ledger - Expense Report;Concur to Oracle General Ledger - PCard;Concur to Payroll - Expense Report Data;Corepay to Oracle General Ledger;Costar to Oracle General Ledger;INT118 Workday to Corepay - Salary Rate Delta;INT133 Oracle to SumTotal - Job Data;JPMC to Oracle Cash Management;Legacy PBCS to Oracle eBS - FIDS;Oracle Accounts Payable to ModelN (External Application);Oracle Compensation to Equity Edge - Taxes;Oracle Compensation to Equity Edge - Wages;Oracle EBS to Legacy PBCS - Employee;Oracle General Ledger to Changepoint (External App);Oracle Payables to Bank of America;Oracle Payables to Business Digital Hub;Oracle Payables to Changepoint (External App) - Invoice Payments;Oracle Payables to JPMC - ACH;Oracle Payables to JPMC - Checks to Print;Oracle Payables to JPMC - Positive Pay;Oracle Payables to MedPro;Oracle Payables to MUFG Bank;Oracle Payables to Reval;Oracle Payroll to Fidelity;Oracle Procurement to Changepoint (External App);Oracle Procurement to iCertis - Supplier Data;Oracle Procurement to OneTrust - Supplier Data;Oracle to Concur for Medpro;Oracle to Data Warehouse - Concur Data;Oracle to Legal Hold Pro;OTL to Corepay;REGN EBS EY GTP Integration;Reval to Oracle General Ledger - Currency;Reval to Oracle General Ledger - GL;Serengeti to Oracle Payables;Zycus iSupplier to Oracle Purchasing,,,,,,,,,,,,,G&A IT,,,Oracle
894c2377-cb3f-4198-b38d-1df6b7ccbb02,ITComponent,Data Integrator,Oracle Data Integrator Enterprise 11g,,,,,Sharepoint GD Study Numbers to Data Warehouse,,,,,,,,,,,,,G&A IT,Storage Management / Storage Resource Management,,Oracle
aa8a16cb-7159-4dc2-a241-ac30119bb3ef,ITComponent,Data Integrator,Oracle Data Integrator Enterprise 12cR2 12.2.1,Enterprise Data Warehouse,,,,Concur to Medpro;Data Warehouse to Hyland Onbase - S&R;Data Warehouse to RSIGuard Ergonomics (External App);Data Warehouse to Safety Stratus (External App) - Supplier Data for EHS;Data Warehouse to Zycus iAnalyze;Oracle Finance to Data Warehouse;Oracle to Data Warehouse - Vendor Data;TriRiga to Data Warehouse - Assets;TriRiga to Data Warehouse - Building Locations - BCP;TriRiga to Data Warehouse - Building Locations - NEMO;Veeva (External App) to Data Warehouse,,,,,,,,,,,,,G&A IT,Storage Management / Storage Resource Management,,Oracle
ce2dc442-cb69-4572-a841-7969666c793d,ITComponent,Database,Oracle Database,,,,,"Active Directory (External App) to Data Warehouse;BrassRing to Qlik (External App);CCure (External App) to Data Warehouse;Data Warehouse to Beeline - Cost Centers;Data Warehouse to Beeline - HR Orgs;Data Warehouse to Beeline - Job Titles;Data Warehouse to Beeline - Organizational Unit (OU);Data Warehouse to Beeline - Region;Data Warehouse to Beeline - Territory;Data Warehouse to Beeline - Users;Data Warehouse to Beeline - Work Location;Data Warehouse to CCure (External App);Data Warehouse to Dival Safety Boots (External App);Data Warehouse to Fusion BCP;Data Warehouse to Hyland Onbase - S&R;Data Warehouse to IOPS Data Warehouse (External App);Data Warehouse to Qlik (External App) - HR Data;Data Warehouse to RPA (External App);Data Warehouse to RSIGuard Ergonomics (External App);Data Warehouse to Safety Stratus (External App) - Supplier Data for EHS;Hubble to Oracle eBS;INT094 DataWarehouse to Benevity (External App);INT271 Data Warehouse to Beeline - Worker ID Upload;Legacy PBCS to Oracle eBS - FIDS;Legacy PBCS to Oracle eBS - GL, AP, PO;Lenel (External App) to Data Warehouse;Oracle EBS to Legacy PBCS - Employee;Oracle Finance to Data Warehouse;Oracle to Data Warehouse - Concur Data;Oracle to Data Warehouse - Supplier Data;P2000 (External App) to Data Warehouse;TriRiga to Data Warehouse - Assets;TriRiga to Data Warehouse - Building Locations - BCP;TriRiga to Data Warehouse - Building Locations - NEMO;Veeva (External App) to Data Warehouse;Workday + Beeline to to Ceridian EE Out to Data Warehouse (Master Data);Workday to Oracle - Address Validation;Workday to Oracle - Automate IOPS Assignment Time Information",,,,,,,,,,,,,G&A IT,,,Oracle
ecc15f43-d0c9-4d39-bcbc-82078fc9121d,ITComponent,Oracle eBs Database,Oracle eBs Database,Discoverant Raheen;Discoverant Rensselaer;Hubble;Markview 10.1;Vertex 4.4.7,,,,,,,,,,,,,,,,,,,,
460184fb-71eb-48c0-ab00-b93a5ea83555,ITComponent,JDBC Driver,Oracle JDBC Driver 21c.x,,,,,BrassRing to Qlik (External App);Data Warehouse to CCure (External App);Data Warehouse to IOPS Data Warehouse (External App);Data Warehouse to Qlik (External App) - HR Data;Oracle Finance to Data Warehouse,,,,,,,,,,,,,G&A IT,Utilities / Connectivity Tools,,Oracle
fb290737-5828-4086-8f6a-a6cb9ecbda5c,ITComponent,Oracle REST API,Oracle REST API,,,,,Oracle to Workday - Cost Center;Workday to Oracle - Employee Shell Record,,,,,,,,,,,,,G&A IT,,,
a1909409-d4d2-48a5-b930-28e28f567496,ITComponent,SOA Suite,Oracle SOA Suite 12.1.x,,,,,MES to OPM - BRR Approval (RAH);MES to OPM - BRR Approval (REN);MES to OPM - End Manufacturing Order (RAH);MES to OPM - End Manufacturing Order (REN);MES to OPM - Outgoing Transport (RAH);MES to OPM - Outgoing Transport (REN);MES to OPM - Permanent Inventory (RAH);MES to OPM - Permanent Inventory (REN);MES to OPM - Take-Out (On Cost Center and Scrapping) (RAH);MES to OPM - Take-Out (On Cost Center and Scrapping) (REN);MES to OPM - Take-Out on Manufacturing Order (RAH);MES to OPM - Take-Out on Manufacturing Order (REN);MES to OPM - Transport Order (RAH);MES to OPM - Transport Order (REN);OPM to MES - Batch Master Data (Lot Generation) (RAH);OPM to MES - Batch Master Data (Lot Generation) (REN);OPM to MES - Incoming Transport (Intern Order or Sub Inv) (RAH);OPM to MES - Incoming Transport (Intern Order or Sub Inv) (REN);OPM to MES - Master Batch Record (BOM & Routing) (RAH);OPM to MES - Master Batch Record (BOM & Routing) (REN);OPM to MES - Material Master (Item Master) (RAH);OPM to MES - Material Master (Item Master) (REN);OPM to MES - PROCESS ORDER (Batch) (RAH);OPM to MES - PROCESS ORDER (Batch) (REN),,,,,,,,,,,,,,,,Oracle
198fa561-9f7e-4b9b-93da-96f0a3604b12,ITComponent,Oracle Transport Agent,Oracle Transport Agent,,,,,Oracle Business Network (External App) to Oracle Payables;Oracle Purchasing to Oracle Business Network (External App),,,,,,,,,,,,,G&A IT,,,
5e69e34e-95ae-43ee-b04f-6ba9b43d2e47,ITComponent,Oracle WebADI,Oracle WebADI,,,,,Beeline to Oracle EBS (WebADI),,,,,,,,,,,,,G&A IT,,,
f1476eb8-5e5d-4531-9c1d-5a7c67123a13,ITComponent,Oracle XML Gateway,Oracle XML Gateway,,,,,Oracle Business Network (External App) to Oracle Payables;Oracle Purchasing to Oracle Business Network (External App),,,,,,,,,,,,,G&A IT,,,
96bbd2fe-a69e-42b2-ab43-17cf19f33c05,ITComponent,Palo Alto Firewall,Palo Alto Firewall,,,,,,,,,,,,,,,,,,,,,
6588da4e-d0c0-417b-a97f-8291efc57365,ITComponent,Pana Application Hosting,Pana Pana Application Hosting,Pana,,,,,,,,,,,,,,,,,G&A IT,,,Pana
61c38b90-d2e6-4851-873d-dd02345b890e,ITComponent,Parexel CTMS,Parexel CTMS,,,,,"PAREXEL CTMS to MDM - Investigator, Institution",,,,,,,,,DO&PM,,,,,,,
57a70252-7f89-4b7e-8215-56a72c2f462b,ITComponent,"Partner / Subsidiary Systems (Webex, Zoom, portals, etc.)","Partner / Subsidiary Systems (Webex, Zoom, portals, etc.)",,,,,,,,,,,,,,Quality;RA,,,,,,,
32539f97-f055-4585-bf1c-7725773564bc,ITComponent,Patient Diaries,Patient Diaries,,,,,,,,,,,,,,BDM,,,,,,,
dbf38d28-127a-43fa-b952-ffba9c2064d9,ITComponent,Application Hosting,Payscale Application Hosting,PayFactors,,,,INT091  Workday to Payfactors - Employee Data;INT093  Workday to Payfactors - Work Structure Data;INT095  Workday to Payfactors - Paymarkets Data;INT097  Workday to Payfactors - Job Data;INT099  Workday to Payfactors - Work Structure Mapping,,,,,,,,,,,,,G&A IT,,,Payscale
d0e718a7-8533-4553-b36d-f957021ca916,ITComponent,Pendo.io SaaS Hosting,Pendo.io Pendo.io SaaS Hosting,,,Regeneron Web Services - Digital Platform for App Development,,,,,,,,,,,,,,,,Software Development,,Pendo.io
a9383199-72d0-445d-ad0d-aa328778ef21,ITComponent,OCB,Peoplefluent OCB,,,,,"Oracle Core HR to Peoplefluent ""Who's Who""",,,,,,,,,,,,,G&A IT,,,Peoplefluent
fc88a292-1103-41f1-a3a7-b2a2bba8b2fc,ITComponent,Perceptive,Perceptive,,,Vendor Platform,,,,Global Study Strategy & Optimization - eCOA & Innovation,,,,,,,DO&PM,,,,,,,
3ac5567e-05c3-4f0e-90bd-cbcd0d9e44fe,ITComponent,PGP,PGP,,,,,AON to CorePay;Concur to Medpro;Concur to Oracle General Ledger - Expense Report;Concur to Oracle General Ledger - PCard;Concur to Payroll - Expense Report Data;Corepay to Oracle General Ledger;Data Warehouse to Beeline - Cost Centers;Data Warehouse to Beeline - HR Orgs;Data Warehouse to Beeline - Job Titles;Data Warehouse to Beeline - Organizational Unit (OU);Data Warehouse to Beeline - Region;Data Warehouse to Beeline - Territory;Data Warehouse to Beeline - Users;Data Warehouse to Beeline - Work Location;Data Warehouse to Dival Safety Boots (External App);Data Warehouse to Hyland Onbase - S&R;Data Warehouse to RSIGuard Ergonomics (External App);Data Warehouse to Safety Stratus (External App) - Supplier Data for EHS;EDMCS to Beeline - Departments and Organizations;INT002  Workday to Achievers - Worker Data;INT003  Workday to Lawlogix - New Hire;INT005 - Out - Workday to Lawlogix - Employee Changes Feed - EIB;INT030  Workday to AON (External App) - Worker Data;INT040  Workday to Beeline Employee Data;INT084  Workday to Businessolver - Worker Data;INT094 DataWarehouse to Benevity (External App);INT102  Workday + Beeline to Compliance Wire (External App);INT108  Workday + Beeline to Concur - Profile Data;INT110  Workday + Beeline to Concur - Login Data;INT114  Workday to CorePay - Employee Master Delta;INT116  Workday to CorePay - Employee Master Full;INT118 Workday to Corepay - Salary Rate Delta;INT120 Workday to Corepay - Salary Rate Full;INT129 Workday + Beeline to SumTotal - Employee Data;INT131 Workday + Beeline to SumTotal - Users to Organizations;INT135 Workday + Beeline to SumTotal - User to Jobs;INT145  Workday + Beeline to Veeva (External App) - Termination Data;INT147 Workday to Veeva (External App) - New Hire Data;INT149  Workday to Veeva (External App) - Delta Data;INT162  Workday to EdAssist - Worker Data;INT163  Workday + Beeline to Enablon (External App);INT167  Workday + Beeline to Everbridge;INT169  Workday to Fidelity - Worker Data;INT172  Workday to Grainger (External App) Employee Data;INT176  Workday to Hyland - Worker Full Feed;INT177  Workday to Hyland - Worker Delta Feed;INT181  Workday to IC portal (External App) - LOA Data;INT182  Workday to IC portal (External App) - Transfer Data;INT183  Workday to IC portal (External App) - Promotion Data;INT184  Workday to IC portal (External App) - Term Data;INT185  Workday to IC portal (External App) - New Hire Data;INT186  Workday to IC portal (External App) - Roster Data;INT187  Workday + Beeline to Icertis;INT204  Workday to Broadspire - Worker Data;INT225  Workday to CorePay Job Profile Feed;INT253 Workday to Glint - Employee Feed;INT265  Workday to Avature - Candidate Status;INT271 Data Warehouse to Beeline - Worker ID Upload;INT271 Data Warehouse to Beeline - Worker ID Upload / INT278  Worker Upload results file;INT275  Oracle Data Reconciliation;INT284 Workday to Journey Live - Worker Data;INT293 - Out - Workday to Aristotle (External App) - Employee Membership Eligibility Data Feed - EIB;INT294 - Out - Workday to Graebel - Candidate Data Feed - EIB;INT294 - Out - Workday to Graebel - Employee ID Data Feed - EIB;INT320 Beeline Worker Download to Active Directory (External App);JPMC to Oracle Cash Management;Oracle General Ledger to Changepoint (External App);Oracle Payables to Changepoint (External App) - Invoice Payments;Oracle Payables to JPMC - ACH;Oracle Payables to JPMC - Checks to Print;Oracle Payables to JPMC - Positive Pay;Oracle Procurement to Changepoint (External App);Oracle Procurement to iCertis - Supplier Data;Oracle to Concur for Medpro;OTL to Corepay;Veeva (External App) to Data Warehouse;Workday + Beeline to Dival Safety Boots Tarrytown only (External App);Workday + Beeline to Safety Stratus (External App);Workday to Dival Safety Boots (External App),,,,,,,,,,,,,G&A IT,,,
60af981b-a3ee-4870-9964-4856b6b7ac0d,ITComponent,Phenom Application Hosting,Phenom Phenom Application Hosting,Phenom,,,,,,,,,,,,,,,,,G&A IT,,,Phenom
ec2a943e-19bd-47cc-9c2a-bae297054bb3,ITComponent,SSO,Ping Federate SSO,Hyland Onbase  [Platform] / Hyland Onbase EDM;Markview 10.1;TalentHub [Platform],,,,,,,,,,,,,,,,,G&A IT,,,Ping Federate
999f74af-e340-4936-8e85-b8f33665159e,ITComponent,SSO,Ping One SSO,Anaqua Annuities;AON;Audit Board;Beeline;CorePay;Costar;Glint;HireRight;iManage;LinkedIn Learning;Modern Hire;Oracle eBusiness Suite [Platform];PayFactors;Textio Flow;WebFilings (Workiva);Zycus [Platform],,,,,,,,,,,,,,,,,G&A IT,,,Ping One
d45a6f55-d2cf-4cfe-8d52-3300c59a136b,ITComponent,Changepoint PPM,Planview Changepoint PPM,Planview Changepoint,,,,,,,,,,,,,,,,,,,,Planview
6296f907-dbd0-46b6-b448-03ebe74fdb1e,ITComponent,Changepoint SPM,Planview Changepoint SPM,Planview Changepoint,,,,,,,,,,,,,,,,,,,,Planview
eef4db62-b982-48a3-a24a-4a5f7f017b00,ITComponent,PostgreSQL,PostgreSQL,Informed Consent Form (ICF) Management;J-Review Web,,,,,,,,,,,,,,,,,,,,
50b30203-c4b6-4881-bac8-e450aadaec2e,ITComponent,Power Apps,Power Apps,Blueprint PWA;GD-IT Time Tracking Tool;Scientific Communication Platform (SCP),,Microsoft Power Platform,,,,,,,,,,,,,,,,,,
66430f7d-db01-4721-a89e-5958327d2fc4,ITComponent,Power Automate,Power Automate,GD-IT Time Tracking Tool;Scientific Communication Platform (SCP),,Microsoft Power Platform,,,,,,,,,,,,,,,,,,
d00851bf-2f42-4322-8131-4ee9668113e8,ITComponent,PowerBI,PowerBI,Acceleration Point;GD-IT Time Tracking Tool,,Microsoft Power Platform,,,,,,,,,,,,,,,,,,
8790e3c5-a5be-4521-b77f-7cd6b67e556a,ITComponent,PPD Portal,PPD Portal,,,Vendor Platform,,"PPD CTMS to MDM - Investigator, Institution;PPD Portal to RTS - Study Reports",,,,,,,,,ECD,,,,,,adequate,
8bd2ca3f-004e-4fa9-b451-bfda2b67ab91,ITComponent,PPD Study Report Generation Bot,PPD Study Report Generation Bot,Operational Data Lake,,UiPath,,PPD Portal to RTS - Study Reports,,Business Operations,,,,,,,DO&PM,,,,,Robotic Process Automation (RPA) (Bot),,
307739e6-2d1d-40cc-bd18-c056d81ea357,ITComponent,PPD/IRT/ERT Report Integration to Data Lake Bot,PPD/IRT/ERT Report Integration to Data Lake Bot,Calyx IRT/RTSM;Clario ERT;Operational Data Lake,,UiPath,,RTS to Data Lake - Consolidated Report,,Business Operations,,,,,,,DO&PM,,,,,Robotic Process Automation (RPA) (Bot),adequate,
0024d354-bb6b-4695-bfa6-d9be43dd7f88,ITComponent,Precision Medicine  SMG Data Transfer and Standardization Bot,Precision Medicine  SMG Data Transfer and Standardization Bot,,,UiPath,,,,,,,,,,,ECD,,,,,Robotic Process Automation (RPA) (Bot),,
cef4fdd3-6bdf-4dc7-9537-2c9f6547c083,ITComponent,Tempus Resource SaaS Hosting,ProSymmetry Tempus Resource SaaS Hosting,Tempus Resource,,,,,,,,,,,,,,,,,,,,ProSymmetry
b0d06b0d-439f-4bb6-ae24-547dc8baa02c,ITComponent,ProUnlimited Application Hosting,ProUnlimited ProUnlimited Application Hosting,Wand,,,,,,,,,,,,,,,,,G&A IT,,,ProUnlimited
80f1439c-0648-4f3c-ac74-c9de40c83c78,ITComponent,Punch Out Level 1,Punch Out Level 1,,,,,Vendor Catalogs (External App) to Oracle Procurement,,,,,,,,,,,,,G&A IT,,,
53725c59-49ac-443e-aaf8-71c738011a46,ITComponent,QA/QE Notificaitons Phase 1 Bot,QA/QE Notificaitons Phase 1 Bot,Veeva - QMOD,,UiPath,,"Veeva QMOD to Outlook - SSN, Active Directory Report",,Quality,,,,,,,Quality,,,,,Robotic Process Automation (RPA) (Bot),,
0b877058-d22e-4339-ae7e-18432a31e59a,ITComponent,Qlik,Qlik,,,,,,,,,,,,,,,,,,,,,
dce9b5cf-35cd-4b19-ae7b-1a1178d80ec2,ITComponent,QMOD CAPA Notifications Bot,QMOD CAPA Notifications Bot,Veeva - QMOD,,UiPath,,"Veeva QMOD to Outlook - CAPA, Active Directory Report",,Quality,,,,,,,Quality,,,,,Robotic Process Automation (RPA) (Bot),adequate,
e8ae1aa7-36c5-4e2d-949f-2c9947c73029,ITComponent,whatfix SaaS Hosting,Quicko Technosoft Labs whatfix SaaS Hosting,WhatFix,,,,,,,,,,,,,,,,,,,,Quicko Technosoft Labs
49fc5ccd-f8c1-4afa-b540-173d4fa23c70,ITComponent,R Software,R Foundation R Software 3.6,GDS Big Data Initiative (BDI),,,,,,,,,,,,,,,,,,,,R Foundation
edb44c90-4ade-4ee3-9d14-914c28264f6d,ITComponent,Mediverse Mobile App,RafterOne (Docmation) Mediverse Mobile App,Regeneron Medical Portal,,,,,,,,,,,,,MA,,,,,,,RafterOne (Docmation)
2b42fbe8-22a6-442e-9983-0eabe4eae4a1,ITComponent,RDS MySQL,RDS MySQL,ALR (Automated Literature Review),,,,,,,,,,,,,,,,,,,,
e37e647c-9ecb-4c89-9399-7d2ecbb486a2,ITComponent,RegionalHelpWanted Application Hosting,RegionalHelpWanted RegionalHelpWanted Application Hosting,,,,,,,,,,,,,,,,,,G&A IT,,,RegionalHelpWanted
f275c722-df98-4b22-8852-efae5cce7f48,ITComponent,REGN SFTP (Not AWS),REGN SFTP (Not AWS),,,,,INT632 - SumTotal ILT Calendar Update;Workday+Beeline to Intuition,,,,,,,,,,,,,,,,
df9474fb-af65-4935-b4f7-0a2cadbc9e1e,ITComponent,Resource Management Onboarding Bot,Resource Management Onboarding Bot,,,UiPath,,QlikSense to Compass - Newly hired Employee Report,,Business Operations - Resource Management,,,,,,,DO&PM,,,,,Robotic Process Automation (RPA) (Bot),adequate,
0417a060-a954-42c4-9a99-0ef346ffb809,ITComponent,Resource Management Separation Bot,Resource Management Separation Bot,,,UiPath,,QlikSense to Compass - Separated Employee Report,,Business Operations - Resource Management,,,,,,,DO&PM,,,,,Robotic Process Automation (RPA) (Bot),adequate,
9cf64681-8fd5-418e-9e08-52fc0f6340b4,ITComponent,Hosting,Reval Hosting,,,,,Oracle Payables to Reval;Reval to Oracle General Ledger - Currency;Reval to Oracle General Ledger - GL,,,,,,,,,,,,,G&A IT,,,Reval
1e485e47-0766-4517-82df-8b3e5023bc3d,ITComponent,FactoryTalk AssetCentre Server,Rockwell Automation FactoryTalk AssetCentre Server 8.0,,,,,,,,,,,,,,,,,,,,,Rockwell Automation
8dfac773-2e51-4b6a-835c-2e24c80886f6,ITComponent,Rstudio Shiny,Rstudio Shiny,MAGNATron,,,,,,,,,,,,,,,,,,,,
f6ed36a8-2e34-4e71-bbe1-651b9b7039e2,ITComponent,RxLogix PV,RxLogix PV,RxLogix - PVIT,,,,,,,,,,,,,,,,,,,,
b4fd0e9f-3719-49ee-bbfc-26eaec4cc778,ITComponent,Salesforce,Salesforce,Clinical Trials Site - Corporate,,,,,,,,,,,,,,,,,,,,
9b0bddc4-ecc3-4120-ae57-6819c14971a9,ITComponent,Salesforce Experience Cloud,Salesforce Experience Cloud,,,,,,,,,,,,,,,,,,,,,
282d4127-e1b5-4545-8e87-f64b6a2ae3f6,ITComponent,Sanofi Med Info Platform,Sanofi Med Info Platform,,,,,MIQ to Sanofi Med Info Platform -;Sanofi Med Info Platform to Global Medical Analytics Datawarehouse - Medical Information Request Cases;Sanofi Med Info Platform to RWDnA Platform - Call Center Inquiry Data,,Medical Affairs,,,,,,,MA,,,,,,adequate,
77ccfb35-0f8c-4cf6-8d45-2e7155a914bb,ITComponent,ViaOne SaaS Hosting,Sedgwick ViaOne SaaS Hosting,,,,,,,,,,,,,,,,,,,,,Sedgwick
10a8439e-2317-4f33-9ebb-fba38fa50f0a,ITComponent,Sender Authentication,Sender Authentication,Beamery Talent CRM,,,Career Site Replacement,,,,,,,,,,,,,,,,,
1e0cec91-09b8-4cc9-b39f-dab549f2b2a4,ITComponent,Hosting,Serengeti Hosting,,,,,Serengeti to Oracle Payables,,,,,,,,,,,,,G&A IT,,,Serengeti
4b93776a-b3c9-4bcd-8357-905c03dd3d3a,ITComponent,Sermo,Sermo,,,,,Sermo to Mediverse - User Login Data,,,,,,,,,MA,,,,,,,
9102e014-679d-4487-bbf2-356aedf3adfb,ITComponent,Application Hosting,ServiceNow Application Hosting,HR4U [Platform] / HR Service Delivery (HR4U),,,,Workday to Oracle - Address Validation,,,,,,,,,,,,,G&A IT,,,ServiceNow
ba5b35fe-13c1-4e2b-9634-fd4584e596db,ITComponent,ServiceNow ITSM,ServiceNow ServiceNow ITSM,REGN IT Global Support Center,,ServiceNow,,,,,,,,,,,,,,,,,,ServiceNow
e225d32d-8477-4e50-acd5-7c5c27f95dbd,ITComponent,SFDC (Vendor),SFDC (Vendor),Educational Funding Management System (EFMS),,,,,,,,,,,,,,,,,,,,
9f5055be-12c2-4daf-b65e-3364c53b677e,ITComponent,Sharepoint,Sharepoint,GD-IT Time Tracking Tool;Scientific Communication Platform (SCP),,,,,,,,,,,,,,,,,,,,
ac66bcfa-4923-4121-aac6-ec0949d8c052,ITComponent,Site Device Data,Site Device Data,,,,,,,,,,,,,,BDM,,,,,,,
27ce31b0-b07b-4fde-b4f6-163236f7ee68,ITComponent,Site Feasibility Questionnaire Information Bot,Site Feasibility Questionnaire Information Bot,Operational Data Lake;WCG Safety IAL Portal,,UiPath,,"Site Feasibility Application to Data Lake- Study Invitees, Responses & Activity Logs",,Global Trial Optimization,,,,,,,DO&PM,,,,,Robotic Process Automation (RPA) (Bot),,
fd4577c2-8512-418a-a7e0-7204ae8b607a,ITComponent,SkillSurvey Application Hosting,SkillSurvey SkillSurvey Application Hosting,SkillSurvey,,,,,,,,,,,,,,,,,G&A IT,,,SkillSurvey
75e0711e-0146-4364-b977-332e4ccb1de8,ITComponent,Smart Signals,Smart Signals,,,Vendor Platform,,,,"BDM, DO&PM",,,,,,,BDM,,,,,,adequate,
0178d3bd-48e7-4341-a8b9-1d1eae8d5765,ITComponent,SMB Client,SMB Client,,,,,Data Warehouse to RSIGuard Ergonomics (External App);INT138 Workday + Beeline to CVENT - Approval Limits;Legacy PBCS to Oracle eBS - FIDS;Oracle Payables to Reval;Reval to Oracle General Ledger - Currency;Reval to Oracle General Ledger - GL;TriRiga to Data Warehouse - Assets;TriRiga to Data Warehouse - Building Locations - BCP;Workday + Beeline to Ceridian EE Out to Filemaker Pro V16 RENS (External App);Workday + Beeline to Ceridian EE Out to Filemaker Pro V18 Tarrytown (External App);Workday + Beeline to Ceridian EE Out to InsightsRM (External App);Workday + Beeline to Ceridian EE Out to SailPoint (External App);Workday + Beeline to Ceridian to Active Directory (External App);Workday + Beeline to Ceridian to Ruby User Table (External App),,,,,,,,,,,,,G&A IT,,,
93dc064b-c68d-4bc7-8a7a-7ea4840fafd3,ITComponent,SOAP/XML,SOAP/XML,,,,,INT091  Workday to Payfactors - Employee Data;INT097  Workday to Payfactors - Job Data;INT164  Workday to Equity Edge - Stock Portfolio,,,,,,,,,,,,,G&A IT,,,
e4088de0-8870-46fa-83c7-4e5935f2fc36,ITComponent,SonarQube,SonarSource SonarQube 9.9.x,,,Regeneron Web Services - Digital Platform for App Development,,,,,,,,,,,,,,,,,,SonarSource
8b451c3e-85f8-4e5b-ad22-e7a96542395b,ITComponent,Sparc Application Hosting,Sparc Sparc Application Hosting,Sparc-Amplify,,,,,,,,,,,,,,,,,G&A IT,,,Sparc
d501731e-cf4f-4bb9-afcc-f22be6f46fa0,ITComponent,Specialty Labs,Specialty Labs,,,,,Speciality Lab to Operational Data Lake (ODL) - Lab Data,,,,,,,,,BDM,,,,,,,
bdada865-0577-4f21-a65f-00c072f16de5,ITComponent,SSH,SSH,,,,,BusinessSolver to Aetna;BusinessSolver to Broadspire;BusinessSolver to CDPHP;BusinessSolver to Cigna;BusinessSolver to Delta Dental;BusinessSolver to Hartford;BusinessSolver to Hyatt Legal;BusinessSolver to Norton Lifelock;BusinessSolver to OptumRX;BusinessSolver to VSP;Concur to Medpro;Concur to Oracle General Ledger - Expense Report;Concur to Oracle General Ledger - PCard;Concur to Payroll - Expense Report Data;Costar to Oracle General Ledger;Data Warehouse to Beeline - Cost Centers;Data Warehouse to Beeline - HR Orgs;Data Warehouse to Beeline - Job Titles;Data Warehouse to Beeline - Organizational Unit (OU);Data Warehouse to Beeline - Region;Data Warehouse to Beeline - Territory;Data Warehouse to Beeline - Users;Data Warehouse to Beeline - Work Location;Data Warehouse to Dival Safety Boots (External App);Data Warehouse to Hyland Onbase - S&R;Data Warehouse to Safety Stratus (External App) - Supplier Data for EHS;Data Warehouse to Zycus iAnalyze;INT002  Workday to Achievers - Worker Data;INT003  Workday to Lawlogix - New Hire;INT005 - Out - Workday to Lawlogix - Employee Changes Feed - EIB;INT030  Workday to AON (External App) - Worker Data;INT040  Workday to Beeline Employee Data;INT084  Workday to Businessolver - Worker Data;INT093  Workday to Payfactors - Work Structure Data;INT094 DataWarehouse to Benevity (External App);INT095  Workday to Payfactors - Paymarkets Data;INT099  Workday to Payfactors - Work Structure Mapping;INT102  Workday + Beeline to Compliance Wire (External App);INT108  Workday + Beeline to Concur - Profile Data;INT110  Workday + Beeline to Concur - Login Data;INT114  Workday to CorePay - Employee Master Delta;INT116  Workday to CorePay - Employee Master Full;INT129 Workday + Beeline to SumTotal - Employee Data;INT131 Workday + Beeline to SumTotal - Users to Organizations;INT133 Oracle to SumTotal - Job Data;INT135 Workday + Beeline to SumTotal - User to Jobs;INT137  Workday to SumTotal - Organization Data;INT145  Workday + Beeline to Veeva (External App) - Termination Data;INT147 Workday to Veeva (External App) - New Hire Data;INT149  Workday to Veeva (External App) - Delta Data;INT162  Workday to EdAssist - Worker Data;INT163  Workday + Beeline to Enablon (External App);INT167  Workday + Beeline to Everbridge;INT169  Workday to Fidelity - Worker Data;INT172  Workday to Grainger (External App) Employee Data;INT176  Workday to Hyland - Worker Full Feed;INT177  Workday to Hyland - Worker Delta Feed;INT181  Workday to IC portal (External App) - LOA Data;INT182  Workday to IC portal (External App) - Transfer Data;INT183  Workday to IC portal (External App) - Promotion Data;INT184  Workday to IC portal (External App) - Term Data;INT185  Workday to IC portal (External App) - New Hire Data;INT186  Workday to IC portal (External App) - Roster Data;INT187  Workday + Beeline to Icertis;INT204  Workday to Broadspire - Worker Data;INT225  Workday to CorePay Job Profile Feed;INT253 Workday to Glint - Employee Feed;INT264  Tririga to Workday – Workspace Creation-Inbound;INT265  Workday to Avature - Candidate Status;INT271 Data Warehouse to Beeline - Worker ID Upload;INT271 Data Warehouse to Beeline - Worker ID Upload / INT278  Worker Upload results file;INT275  Oracle Data Reconciliation;INT284 Workday to Journey Live - Worker Data;INT294 - Out - Workday to Graebel - Candidate Data Feed - EIB;INT294 - Out - Workday to Graebel - Employee ID Data Feed - EIB;Oracle General Ledger to Changepoint (External App);Oracle Payables to Changepoint (External App) - Invoice Payments;Oracle Procurement to Changepoint (External App);Oracle Procurement to iCertis - Supplier Data;Oracle to Concur for Medpro;Serengeti to Oracle Payables;Veeva (External App) to Data Warehouse;Workday + Beeline to Dival Safety Boots Tarrytown only (External App);Workday + Beeline to Safety Stratus (External App);Workday to Dival Safety Boots (External App);Workday to Payfactors - Compensation;Zycus iSupplier to Oracle Purchasing,,,,,,,,,,,,,G&A IT,,,
e5bb40ef-75bc-47bc-8234-5c53ed650ab7,ITComponent,Standard Enterprise Tools,Standard Enterprise Tools,,,,,ODR to Standard Enterprise Tools -,,Global Patient Safety,,,,,,,GPS,,,,,,,
71967a75-0868-4141-a3da-3d68ac800def,ITComponent,Stateless EJBs,Stateless EJBs,Datavision - iEnvision,,,,,,,,,,,,,,,,,,,,
2d058c30-feaa-4b07-8755-52dcb6beca00,ITComponent,"Strapi -v4.22.1	Content Management","Strapi -v4.22.1	Content Management",,,Regeneron Web Services - Digital Platform for App Development,,,,,,,,,,,,,,,,,,
f7f85f0e-80ad-41e2-9def-13a1533157af,ITComponent,Application Hosting,Sumtotal Application Hosting,TalentHub [Platform],,,,INT129 Workday + Beeline to SumTotal - Employee Data;INT131 Workday + Beeline to SumTotal - Users to Organizations;INT135 Workday + Beeline to SumTotal - User to Jobs;INT137  Workday to SumTotal - Organization Data;Oracle to SumTotal - Employee;Oracle to SumTotal - Employee to Job;Oracle to SumTotal - Jobs;Oracle to SumTotal - Organizations,,,,,,,,,,,,,G&A IT,,,Sumtotal
eb2eb4a3-2c57-4afb-9a16-40f7fb85eb15,ITComponent,Syneos CTMS,Syneos CTMS,,,,,"SYNEOS CTMS to MDM - Investigator, Institution",,,,,,,,,DO&PM,,,,,,,
0e40a2c1-663f-4b73-b7b5-0e8c6514368c,ITComponent,Target Entity Services,Target Entity Services,,,,,,,,,,,,,,,,,,,,,
49b5e4db-3399-4f9c-a796-aca8c7071361,ITComponent,TE Excursion Bot,TE Excursion Bot,ASIST;Sharepoint;Veeva - CTMS,,UiPath,,ASIST to Sharepoint - CTMS and ESR Studies;Veeva CTMS to Sharepoint - CTMS and ESR Studies,,Clinical Drug Supply and Logistics,,,,,,,DO&PM,,,,,Robotic Process Automation (RPA) (Bot),adequate,
c8aed89f-9a2d-4510-ab7e-6a9ba36ff934,ITComponent,Tealbook SaaS Hosting,Tealbook Tealbook SaaS Hosting,Tealbook,,,,,,,,,,,,,,,,,,,,Tealbook
c81eaf8a-8b22-43d1-b598-8a00b1bce661,ITComponent,Techsol Call Center,Techsol Call Center,Eversana Techsol,,,,,,,,,,,,,,,,,,,,
559bdc91-340d-44c2-a960-c6a4d9c46c58,ITComponent,Chrome Extension,Textio Chrome Extension,Textio Flow,,,,,,,,,,,,,,,,,G&A IT,,,Textio
3fc7b94d-8103-4336-b5f5-492396146f87,ITComponent,Outlook Plugin,Textio Outlook Plugin,Textio Flow,,,,,,,,,,,,,,,,,G&A IT,,,Textio
f42d6dce-aef7-40ad-a96a-ee66bf149419,ITComponent,Textio Application Hosting,Textio Textio Application Hosting,Textio Flow,,,,,,,,,,,,,,,,,G&A IT,,,Textio
09c0abb0-96b8-4391-9e38-903ec64da6b3,ITComponent,Textio SaaS Hosting,Textio Textio SaaS Hosting,Textio Flow,,,,,,,,,,,,,,,,,,,,Textio
7b26345b-a8e8-42dc-9d2e-ba12fbcf38b5,ITComponent,Access Workspace SaaS Hosting,The Access Group Access Workspace SaaS Hosting,Access Workspace,,,,,,,,,,,,,,,,,,,,The Access Group
c4385f77-413f-48a2-a859-cd752ae86f2a,ITComponent,Third Party Vendor Lab Data,Third Party Vendor Lab Data,,,,,Third Party Vendor Lab Data to Axway - Lab Data,,,,,,,,,BDM,,,,,,,
2924eca5-9f8b-4d7f-b28b-4810a333c4a7,ITComponent,McAfee+ SaaS Hosting,Trellix / McAfee McAfee+ SaaS Hosting,McAfee+,,,,,,,,,,,,,,,,,,,,Trellix / McAfee
3b5f11fb-25b5-4cbb-854a-33cb222810b3,ITComponent,TriRiga API,TriRiga API,,,,,INT041 TriRiga to Workday - Worker Assignment;INT143  Workday + Beeline to TriRiga,,,,,,,,,,,,,G&A IT,,,
859defcd-c25a-4166-a05d-2e1e27f1fede,ITComponent,Hosting,TriRiga Hosting,,,,,,,,,,,,,,,,,,G&A IT,,,TriRiga
96e0acee-dfc2-4ae1-8d48-7176e01122be,ITComponent,Capture,Tungsten Automation Capture 11.0.x,,,,GA-ERP-Markview/Kofax product Upgrades (EOL Lifecycle) (2024) (MH),Email or Scanner (External App) to Kofax Markview,,,,,,,,,,,,,G&A IT,Enterprise Content Management (ECM) / Document Capturing and Imaging,,Tungsten Automation
db9c5741-e6a7-47fa-987b-54cffa30a9c4,ITComponent,Transformation Modules,Tungsten Automation Transformation Modules 6.3.x,,,,GA-ERP-Markview/Kofax product Upgrades (EOL Lifecycle) (2024) (MH),Email or Scanner (External App) to Kofax Markview,,,,,,,,,,,,,G&A IT,Enterprise Content Management (ECM) / Document and Records Management,,Tungsten Automation
0edf86a1-d623-4149-b436-dab2f58282eb,ITComponent,UiPath,UiPath,,,,,,,,,,,,,,,,,,,,,
031fcb51-04e6-42dd-bfa6-11a0d2c40c60,ITComponent,Veeva / Salesforce,Veeva / Salesforce,Veeva Medical CRM Global;Veeva Medical CRM US,,,,,,,,,,,,,,,,,,,,
a54e0a98-7284-4404-8528-e54cff77df13,ITComponent,Veeva MedComms,Veeva MedComms,Veeva – MedComms,,,,,,,,,,,,,,,,,,,,
1f723d20-09c9-4fcb-8b25-628960fe81a2,ITComponent,Vendor CIOMS,Vendor CIOMS,,,Vendor Platform,,Vendor CIOMS to PVIT - Case Data,,1457 - Global Patient Safety;Global Patient Safety,,,,,,,GPS,,,,,,,
11839186-8bf4-4e3f-9015-b85c1ae91fdb,ITComponent,Vendor SFTP,Vendor SFTP,,,,,Achievers to Oracle;BusinessSolver to Aetna;BusinessSolver to Broadspire;BusinessSolver to CDPHP;BusinessSolver to Cigna;BusinessSolver to Delta Dental;BusinessSolver to Hartford;BusinessSolver to Hyatt Legal;BusinessSolver to Norton Lifelock;BusinessSolver to OptumRX;BusinessSolver to VSP;Concur to Medpro;Concur to Oracle General Ledger - Expense Report;Concur to Oracle General Ledger - PCard;Concur to Payroll - Expense Report Data;Costar to Oracle General Ledger;Data Warehouse to Beeline - Cost Centers;Data Warehouse to Beeline - HR Orgs;Data Warehouse to Beeline - Job Titles;Data Warehouse to Beeline - Organizational Unit (OU);Data Warehouse to Beeline - Region;Data Warehouse to Beeline - Territory;Data Warehouse to Beeline - Users;Data Warehouse to Beeline - Work Location;Data Warehouse to Hyland Onbase - S&R;Data Warehouse to Safety Stratus (External App) - Supplier Data for EHS;Data Warehouse to Zycus iAnalyze;EDMCS to Beeline - Departments and Organizations;INT002  Workday to Achievers - Worker Data;INT003  Workday to Lawlogix - New Hire;INT005 - Out - Workday to Lawlogix - Employee Changes Feed - EIB;INT030  Workday to AON (External App) - Worker Data;INT040  Workday to Beeline Employee Data;INT084  Workday to Businessolver - Worker Data;INT093  Workday to Payfactors - Work Structure Data;INT094 DataWarehouse to Benevity (External App);INT095  Workday to Payfactors - Paymarkets Data;INT099  Workday to Payfactors - Work Structure Mapping;INT102  Workday + Beeline to Compliance Wire (External App);INT108  Workday + Beeline to Concur - Profile Data;INT110  Workday + Beeline to Concur - Login Data;INT129 Workday + Beeline to SumTotal - Employee Data;INT131 Workday + Beeline to SumTotal - Users to Organizations;INT133 Oracle to SumTotal - Job Data;INT135 Workday + Beeline to SumTotal - User to Jobs;INT137  Workday to SumTotal - Organization Data;INT162  Workday to EdAssist - Worker Data;INT167  Workday + Beeline to Everbridge;INT169  Workday to Fidelity - Worker Data;INT172  Workday to Grainger (External App) Employee Data;INT176  Workday to Hyland - Worker Full Feed;INT177  Workday to Hyland - Worker Delta Feed;INT181  Workday to IC portal (External App) - LOA Data;INT182  Workday to IC portal (External App) - Transfer Data;INT183  Workday to IC portal (External App) - Promotion Data;INT184  Workday to IC portal (External App) - Term Data;INT185  Workday to IC portal (External App) - New Hire Data;INT186  Workday to IC portal (External App) - Roster Data;INT204  Workday to Broadspire - Worker Data;INT253 Workday to Glint - Employee Feed;INT265  Workday to Avature - Candidate Status;INT271 Data Warehouse to Beeline - Worker ID Upload;INT271 Data Warehouse to Beeline - Worker ID Upload / INT278  Worker Upload results file;INT284 Workday to Journey Live - Worker Data;INT293 - Out - Workday to Aristotle (External App) - Employee Membership Eligibility Data Feed - EIB;INT294 - Out - Workday to Graebel - Candidate Data Feed - EIB;INT294 - Out - Workday to Graebel - Employee ID Data Feed - EIB;INT320 Beeline Worker Download to Active Directory (External App);INT632 - SumTotal ILT Calendar Update;INT_Workday_Vistornet;JPMC to Oracle Cash Management;Oracle Accounts Payable to ModelN (External Application);Oracle Compensation to Equity Edge - Taxes;Oracle Compensation to Equity Edge - Wages;Oracle Core HR to Weight Watchers;Oracle General Ledger to Changepoint (External App);Oracle Payables to Bank of America;Oracle Payables to Changepoint (External App) - Invoice Payments;Oracle Payables to JPMC - ACH;Oracle Payables to JPMC - Checks to Print;Oracle Payables to JPMC - Positive Pay;Oracle Payables to MedPro;Oracle Payables to MUFG Bank;Oracle Payroll to Fidelity;Oracle Procurement to Changepoint (External App);Oracle Procurement to OneTrust - Supplier Data;Oracle to SumTotal - Employee;Oracle to SumTotal - Employee to Job;Oracle to SumTotal - Employee to Organization;Oracle to SumTotal - Jobs;Oracle to SumTotal - Organizations;REGN EBS EY GTP Integration;Workday + Beeline to CCure (External App);Workday + Beeline to Dival Safety Boots Tarrytown only (External App);Workday + Beeline to Hyland Onbase S&R (External App);Workday + Beeline to Safety Stratus (External App);Workday to Beeline - HR Orgs;Workday to Beeline - Region (Sup Org);Workday to Beeline - Territory;Workday to Dival Safety Boots (External App);Workday to Payfactors - Compensation;Workday to Weight Watchers;Zycus iSupplier to Oracle Purchasing,,,,,,,,,,,,,G&A IT,,,
3be66505-9893-4258-8843-793ed743e178,ITComponent,"Vendor/Partner Safety Databases (Sanofi, Bayer, etc.)","Vendor/Partner Safety Databases (Sanofi, Bayer, etc.)",,,Vendor Platform,,Partner Safety DBs to Axway - Case Data;Partner Safety DBs to PVIT - Case Data,,Global Patient Safety,,,,,,,GPS,,,,,,,
7d6f5118-8f10-4090-8bff-8d1879a3fe5d,ITComponent,VHI Application Hosting,VHI VHI Application Hosting,MyVHI,,,,,,,,,,,,,,,,,G&A IT,,,VHI
1eddcaf3-0f57-46a3-8826-e0349862f649,ITComponent,Vimeo SaaS Hosting,Vimeo Vimeo SaaS Hosting,Vimeo,,,,,,,,,,,,,,,,,,,,Vimeo
5d7f4d16-f22c-4681-9d0a-530c29b0bc80,ITComponent,TARORGPUBAPP01P,VMWare TARORGPUBAPP01P,Who's Who (OrgPublisher),,,,,,,,,,,,G&A IT - Human Resources,,,,,G&A IT,,,VMWare
fdae75a0-4fb0-4b1a-a11b-1850b94fda26,ITComponent,VSP Vision Application Hosting,VSP Vision VSP Vision Application Hosting,VSP Vision,,,,,,,,,,,,,,,,,G&A IT,,,VSP Vision
febbb747-c634-4a55-8e25-38e63818f069,ITComponent,WageWorks Application Hosting,WageWorks WageWorks Application Hosting,WageWorks,,,,,,,,,,,,,,,,,G&A IT,,,WageWorks
069b19d7-ab17-4c9a-88f1-13d5bf809e50,ITComponent,WCG Safety Portal,WCG Safety Portal,WCG Safety IAL Portal,,,,,,,,,,,,,,,,,,,,
0cda96ed-1661-47db-a87f-27dd3b9423e2,ITComponent,Application Hosting,Weichert Application Hosting,Weichert,,,,,,,,,,,,,,,,,G&A IT,,,Weichert
e2b92085-48d5-4d0d-b227-56c83aa9324a,ITComponent,Application Hosting,Workday Application Hosting,Workday [Platform],,,,,,,,,,,,,,,,,G&A IT,,,Workday
7030095f-4ec0-4051-81f0-419085a7d138,ITComponent,Workday Cloud Integration,Workday Cloud Integration,,,,,INT164  Workday to Equity Edge - Stock Portfolio;INT290 – Out - Workday to Beamery – CRM-API-Design,,,,,,,,,,,,,,,,
1cd99a49-0611-4445-a784-4857e9e9cc83,ITComponent,Workday Connector,Workday Connector,,,,,INT252  Workday to Textio - job requisition data,,,,,,,,,,,,,G&A IT,,,
1b456b24-aa6c-4901-91d4-ce75cb2dc568,ITComponent,Core Connector - Worker,Workday Core Connector - Worker,,,,,INT169  Workday to Fidelity - Worker Data;INT172  Workday to Grainger (External App) Employee Data;INT224  Workday to ServiceNow - HR Profile;Workday to Dival Safety Boots (External App);Workday to Global Equity Tracker;Workday to Oracle - Employee Shell Record,,,,,,,,,,,,,G&A IT,,,Workday
f54e9467-9c8d-4a7e-997d-df59f135299d,ITComponent,Document Transformation,Workday Document Transformation,,,,,INT002  Workday to Achievers - Worker Data;INT003  Workday to Lawlogix - New Hire;INT005 - Out - Workday to Lawlogix - Employee Changes Feed - EIB;INT040  Workday to Beeline Employee Data;INT084  Workday to Businessolver - Worker Data;INT162  Workday to EdAssist - Worker Data;INT169  Workday to Fidelity - Worker Data;INT181  Workday to IC portal (External App) - LOA Data;INT182  Workday to IC portal (External App) - Transfer Data;INT183  Workday to IC portal (External App) - Promotion Data;INT184  Workday to IC portal (External App) - Term Data;INT185  Workday to IC portal (External App) - New Hire Data;INT204  Workday to Broadspire - Worker Data;INT265  Workday to Avature - Candidate Status;INT294 - Out - Workday to Graebel - Employee ID Data Feed - EIB;Workday to Dival Safety Boots (External App),,,,,,,,,,,,,G&A IT,,,Workday
a5f8e10c-e4ce-4930-ac90-a5e27d4d4e20,ITComponent,EIB,Workday EIB,,,,,HRADMINRPT_SAO_New Hires_PII_NoUS_NoRaheen_v2;INT003  Workday to Lawlogix - New Hire;INT005 - Out - Workday to Lawlogix - Employee Changes Feed - EIB;INT030  Workday to AON (External App) - Worker Data;INT093  Workday to Payfactors - Work Structure Data;INT095  Workday to Payfactors - Paymarkets Data;INT099  Workday to Payfactors - Work Structure Mapping;INT176  Workday to Hyland - Worker Full Feed;INT177  Workday to Hyland - Worker Delta Feed;INT181  Workday to IC portal (External App) - LOA Data;INT182  Workday to IC portal (External App) - Transfer Data;INT183  Workday to IC portal (External App) - Promotion Data;INT184  Workday to IC portal (External App) - Term Data;INT185  Workday to IC portal (External App) - New Hire Data;INT225  Workday to CorePay Job Profile Feed;INT253 Workday to Glint - Employee Feed;INT265  Workday to Avature - Candidate Status;INT283 - Out - Get Connected New Hires – EIB;INT283 - Out - Get Connected New Hires – EIB / INT283 - Out - Get Connected New Hires - RENS - EIB;INT284 Workday to Journey Live - Worker Data;INT292 - Out - Workday to Maven - Employee Family Benefits Data Feed - EIB;INT293 - Out - Workday to Aristotle (External App) - Employee Membership Eligibility Data Feed - EIB;INT294 - Out - Workday to Graebel - Candidate Data Feed - EIB;INT294 - Out - Workday to Graebel - Employee ID Data Feed - EIB;INT296 - Out - Workday to Gift Vendor - Employee Address Data Feed - EIB;INT_Workday_Vistornet;Workday to Beeline - HR Orgs;Workday to Beeline - Region (Sup Org);Workday to Beeline - Territory;Workday to Payfactors - Compensation;Workday to Weight Watchers,,,,,,,,,,,,,G&A IT,,,Workday
c7c1c538-7297-40c2-859f-48f2f69174c9,ITComponent,Help SaaS Hosting,Workday Help SaaS Hosting,Workday [Platform],,,,,,,,,,,,,,,,,,,,Workday
286b05dd-92b8-47ed-bfdf-736fa315d3ac,ITComponent,PICOF,Workday PICOF,,,,,INT114  Workday to CorePay - Employee Master Delta;INT116  Workday to CorePay - Employee Master Full;INT118 Workday to Corepay - Salary Rate Delta,,,,,,,,,,,,,G&A IT,,,Workday
94fa75f2-2363-44ad-ab80-00c135975b66,ITComponent,RaaS,Workday RaaS,,,,Career Site Replacement,Candidates_Qlik_INT;HRADMINRPT_RS_RAAS_Internal_Move _Reasons_Qlik;HRADMNRPTMJG_RAAS_Diversity_and_Education_Qlik;HRDL_RPT_RAAS_Requisitions_Qlik;INT- Range File BetterComp;INT002  Workday to Achievers - Worker Data;INT005 - Out - Workday to Lawlogix - Employee Changes Feed - EIB;INT040  Workday to Beeline Employee Data;INT041 TriRiga to Workday - Worker Assignment;INT084  Workday to Businessolver - Worker Data;INT086  Workday to Candex - Candidate Status;INT088  Workday to Candex - Ownership Check;INT090  Workday to Candex - All Requisitions;INT091  Workday to Payfactors - Employee Data;INT097  Workday to Payfactors - Job Data;INT102  Workday + Beeline to Compliance Wire (External App);INT108  Workday + Beeline to Concur - Profile Data;INT110  Workday + Beeline to Concur - Login Data;INT129 Workday + Beeline to SumTotal - Employee Data;INT131 Workday + Beeline to SumTotal - Users to Organizations;INT135 Workday + Beeline to SumTotal - User to Jobs;INT137  Workday to SumTotal - Organization Data;INT138 Workday + Beeline to CVENT - Approval Limits;INT143  Workday + Beeline to TriRiga;INT145  Workday + Beeline to Veeva (External App) - Termination Data;INT162  Workday to EdAssist - Worker Data;INT163  Workday + Beeline to Enablon (External App);INT167  Workday + Beeline to Everbridge;INT176  Workday to Hyland - Worker Full Feed;INT177  Workday to Hyland - Worker Delta Feed;INT181  Workday to IC portal (External App) - LOA Data;INT182  Workday to IC portal (External App) - Transfer Data;INT183  Workday to IC portal (External App) - Promotion Data;INT184  Workday to IC portal (External App) - Term Data;INT185  Workday to IC portal (External App) - New Hire Data;INT186  Workday to IC portal (External App) - Roster Data;INT187  Workday + Beeline to Icertis;INT204  Workday to Broadspire - Worker Data;INT206  Candex to Workday - Candidate data include attachments;INT207  Candex to Workday - Candidate attachments;INT218_-_Business_Process_Transactions_-_Data_Warehouse__Qlik__Assessment_Data;INT218_-_Business_Process_Transactions_-_Data_Warehouse__Qlik__Job_Application_Event;INT218_-_Business_Process_Transactions_-_Data_Warehouse__Qlik__Job_Requisitions_Event;INT218_-_Job_Applications_-_Data_Warehouse__Qlik__Application_Data;INT218_-_Job_Applications_-_Data_Warehouse__Qlik__Candidate_Profile_Data;INT218_-_Job_Applications_-_Data_Warehouse__Qlik__Interview_Data;INT223  Workday to ServiceNow Foundation;INT236 Beeline to Workday - Non Employee Data;INT253 Workday to Glint - Employee Feed;INT262  Workday to ServiceNow Case Creation - Terminations;INT263  Workday to ServiceNow Case Creation - non-termination events;INT265  Workday to Avature - Candidate Status;INT275  Oracle Data Reconciliation;INT276_-_All_Active_and_Terminated_Workers_-_RPT_QLIK_Employee_Education_Data;INT276_-_All_Job_Profiles_-_RPT_Qlik_Job_Profiles;INT276_-_All_Open_Positions_-_RPT_QLIK_All_Open_Positions;INT283 - Out - Get Connected New Hires – EIB;INT283 - Out - Get Connected New Hires – EIB / INT283 - Out - Get Connected New Hires - RENS - EIB;INT291 - Out - Workday to Beamery-Career Site -RAAS;INT294 - Out - Workday to Graebel - Candidate Data Feed - EIB;INT294 - Out - Workday to Graebel - Employee ID Data Feed - EIB;INT296 - Out - Workday to Gift Vendor - Employee Address Data Feed - EIB;INT_Bettercomp_Employee_Data;INT_Bettercomp_Job_Data;INT_Bettercomp_Local_Grades;INT_Workday_Vistornet;RPT - SimplrOps - API Validation Only;RPT - SimplrOps - Background Process Events;RPT - SimplrOps - Integrations Events Since Last Run;RPT - SimplrOps - List of All Domains;RPT - SimplrOps - List of Business Process Definitions;RPT - SimplrOps - List of Calculated Fields;RPT - SimplrOps - List of Compensation Grades;RPT - SimplrOps - List of Compensation Packages;RPT - SimplrOps - List of Compensation Plans;RPT - SimplrOps - List of Condition Rules;RPT - SimplrOps - List of Currencies;RPT - SimplrOps - List of Custom Reports;RPT - SimplrOps - List of Domain Security Policies;RPT - SimplrOps - List of Functional Areas;RPT - SimplrOps - List of Funded Plans;RPT - SimplrOps - List of Integration Process Events;RPT - SimplrOps - List of Integrations;RPT - SimplrOps - List of Job Applications;RPT - SimplrOps - List of Job Families;RPT - SimplrOps - List of Job Profiles;RPT - SimplrOps - List of Positions (Position Management Only);RPT - SimplrOps - List of Security Groups;RPT - SimplrOps - List of Top Level Organizations;RPT - SimplrOps - Retrieve All Health Care Coverage Plans;RPT - SimplrOps - Retrieve Benefit Banded Rates;RPT - SimplrOps - Retrieve Business Process Definitions;RPT - SimplrOps - Retrieve Business Process Transactions;RPT - SimplrOps - Retrieve Compensation Basis Configurables;RPT - SimplrOps - Retrieve Compensation Grades;RPT - SimplrOps - Retrieve Compensation Matrices;RPT - SimplrOps - Retrieve Compensation Packages;RPT - SimplrOps - Retrieve Compensation Plans;RPT - SimplrOps - Retrieve Compensation Rules;RPT - SimplrOps - Retrieve Compensation Scorecards;RPT - SimplrOps - Retrieve Condition Rules;RPT - SimplrOps - Retrieve Custom Fields by Type;RPT - SimplrOps - Retrieve Custom Reports;RPT - SimplrOps - Retrieve Dashboards;RPT - SimplrOps - Retrieve External Earning Codes;RPT - SimplrOps - Retrieve FIN Companies;RPT - SimplrOps - Retrieve Insurance Coverage Plans;RPT - SimplrOps - Retrieve Integration Configuration;RPT - SimplrOps - Retrieve Integration Report Fields;RPT - SimplrOps - Retrieve Job Applications;RPT - SimplrOps - Retrieve Job Family;RPT - SimplrOps - Retrieve Job Profiles;RPT - SimplrOps - Retrieve Job Requisitions;RPT - SimplrOps - Retrieve Locations;RPT - SimplrOps - Retrieve Organization Details;RPT - SimplrOps - Retrieve Positions (Position Management Only);RPT - SimplrOps - Retrieve Public PGP Meta Data;RPT - SimplrOps - Retrieve Retirement Savings Plans;RPT - SimplrOps - Retrieve Security Details;RPT - SimplrOps - Retrieve Security Domain Changes;RPT - SimplrOps - Retrieve Severance Matrices;RPT - SimplrOps - Retrieve Spending Account Plans;RPT - SimplrOps - Retrieve Updated Calculated Fields;RPT - SimplrOps - Scheduled Future Processes;RPT_HCM_Position_Management_IOPS_DL;RPT_HCM_Terminations_IOPS_DL;RPT_RAAS_Candidates_Qlik;RPT_RAAS_Compensation_Categories_Qlik;RPT_RAAS_Diversity_and_Education_Qlik;RPT_RAAS_HCM_Roster_Qlik;RPT_RAAS_Internal_Move_Reasons_Qlik;RPT_RAAS_Positions_Qlik;RPT_RAAS_Requisitions_Qlik;RPT_RAAS_Termination_Reason_Codes_Qlik;RPT_TA_Requisitions_IOPS_DL;Workday + Beeline to Active Directory (External App);Workday + Beeline to Ceridian EE Out to Filemaker Pro V16 RENS (External App);Workday + Beeline to Ceridian EE Out to Filemaker Pro V18 Tarrytown (External App);Workday + Beeline to Ceridian EE Out to InsightsRM (External App);Workday + Beeline to Ceridian EE Out to SailPoint (External App);Workday + Beeline to Ceridian to Active Directory (External App);Workday + Beeline to Ceridian to Ruby User Table (External App);Workday + Beeline to Dival Safety Boots Tarrytown only (External App);Workday + Beeline to Filemaker Pro Tarrytown & Ruby User Table (External App) V18;Workday + Beeline to Hyland Onbase S&R (External App);Workday + Beeline to IOPS Data Warehouse (Managed by IOPS);Workday + Beeline to RSIGuard (External App);Workday + Beeline to Safety Stratus (External App);Workday + Beeline to Sailpoint (External App);Workday + Beeline to to Ceridian EE Out to Data Warehouse (Master Data);Workday to Compa Offers - Job Data;Workday to Compa Offers - Offer Data;Workday to Oracle - Employee Shell Record;Workday to Workday Employee ID Update (Boomerang);Workday+Beeline to Intuition,,,,,,,,,,,,,G&A IT,,,Workday
e76e572c-b35c-4089-bb87-87723073338d,ITComponent,Workday Report,Workday Report,,,,,Workday to EPBCS Workforce - New Hire,,,,,,,,G&A IT,,,,,G&A IT,,,
c3261497-04b0-4b26-a696-5690c8f0cb3d,ITComponent,Studio,Workday Studio,,,,,INT112  Workday to Conduent (External App) - New York Hiring Reporting;INT114  Workday to CorePay - Employee Master Delta;INT116  Workday to CorePay - Employee Master Full;INT118 Workday to Corepay - Salary Rate Delta;INT174  Workday to HireRight - Background Check;INT186  Workday to IC portal (External App) - Roster Data;INT223  Workday to ServiceNow Foundation;INT224  Workday to ServiceNow - HR Profile;INT261 Workday to Modern Hire;INT262  Workday to ServiceNow Case Creation - Terminations;INT263  Workday to ServiceNow Case Creation - non-termination events;INT264  Tririga to Workday – Workspace Creation-Inbound;Workday to Workday - Tenant Analysis - CS Delivery Validation;Workday to Workday - Tenant Analysis - CS_Integrations_Health_Check;Workday to Workday - Tenant Analysis - DART-Integrations;Workday to Workday - Tenant Analysis - Field Impacts Analyzer;Workday to Workday - Tenant Analysis - INT Studio Migration Helper Inbound,,,,,,,,,,,,,G&A IT,,,Workday
eefa8a8a-d88b-4ca9-b995-bdd7fa1266e5,ITComponent,Web Service,Workday Web Service,,,,,INT032  Workday to Avature - Job Requistion Data;INT041 TriRiga to Workday - Worker Assignment;INT085  Avature to Workday - Candidate Information (PUT CANDIDATE);INT086  Workday to Candex - Candidate Status;INT088  Workday to Candex - Ownership Check;INT090  Workday to Candex - All Requisitions;INT107 Workday to Phenom;INT147 Workday to Veeva (External App) - New Hire Data;INT149  Workday to Veeva (External App) - Delta Data;INT206  Candex to Workday - Candidate data include attachments;INT207  Candex to Workday - Candidate attachments;INT222 ServiceNow to Workday - Account and Email;INT236 Beeline to Workday - Non Employee Data;INT267  Workday to Splunk (External App) - User Activity;INT290 – Out - Workday to Beamery – CRM-API-Design,,,,,,,,,,,,,G&A IT,,,Workday
e7f79b9c-397b-4d9f-b098-6603e796dd00,ITComponent,XML,XML,,,,,Indeed to Glassdoor;Oracle Business Network (External App) to Oracle Payables;Oracle Payables to Bank of America;Oracle Payables to JPMC - ACH;Oracle Payables to JPMC - Checks to Print;Oracle Payables to Reval;Oracle Purchasing to Oracle Business Network (External App);Phenom to Athlete (External App);Phenom to BioNJ (External App);Phenom to Biospace (External App);Phenom to DirectEmployers;Phenom to Indeed;Phenom to Indeed for Sponsored Jobs (External App);Phenom to LinkedIn;Vendor Catalogs (External App) to Oracle Procurement;Workday to Oracle EBS - Job Feed;Zycus iSupplier to Oracle Purchasing,,,,,,,,,,,,,G&A IT,,,
e16ac431-c451-4c5c-8ead-f30328ad6483,ITComponent,YPrime,YPrime,,,Yprime,,"YPrime IRT to ODL - Oncology Data;YPrime IRT to ODR - Screening, Randomization Data;YPrime IRT to Veeva eTMF - Subject",,"BDM, DO&PM",,,,,,,DO&PM,,,,,,adequate,